Role_ID,Industry,Human_Labor_Cost_hr,Tokens_per_Human_Hour,Inference_Cost_2026,Agent_Labor_Equivalent_Cost,Substitution_Elasticity,AI_Augmentation_Factor,Automation_Risk_Index,Hardware_CapEx_Sensitivity,Regulatory_Moat,Substitution_Year_Est
FIN-001,Finance,114,231710,0.557,0.1291,0.84,0.8,95,0.39,High,2030
FIN-002,Finance,97,199855,0.1045,0.0209,1.04,1.0,100,0.3,High,2031
FIN-003,Finance,58,83259,0.4215,0.0351,0.89,0.59,100,0.27,Low,2028
FIN-004,Finance,73,165341,0.1999,0.0331,1.03,0.85,100,0.2,High,2032
FIN-005,Finance,100,187993,0.4529,0.0851,0.37,0.77,100,0.32,Med,2029
FIN-006,Finance,83,142865,0.7399,0.1057,0.87,0.78,98,0.33,Med,2029
FIN-007,Finance,117,165572,0.1096,0.0181,0.83,0.46,100,0.3,Low,2026
FIN-008,Finance,98,168940,0.2808,0.0474,1.18,0.83,100,0.2,Med,2029
FIN-009,Finance,109,256791,0.3203,0.0823,0.8,0.51,100,0.39,Med,2027
FIN-010,Finance,80,160653,0.6011,0.0966,0.65,1.0,88,0.26,High,2033
FIN-011,Finance,105,261513,0.1533,0.0401,1.04,0.66,100,0.47,Med,2029
FIN-012,Finance,167,363332,0.7833,0.2846,0.76,0.49,68,0.6,Med,2028
FIN-013,Finance,108,213929,0.5997,0.1283,0.55,0.64,100,0.37,Low,2026
FIN-014,Finance,131,220196,0.2236,0.0492,1.07,0.72,100,0.36,Med,2029
FIN-015,Finance,105,218502,0.1904,0.0416,0.99,1.0,100,0.27,High,2033
FIN-016,Finance,62,90980,0.5279,0.048,0.88,1.0,100,0.25,High,2031
FIN-017,Finance,139,247194,0.4293,0.1061,1.07,0.59,100,0.52,Med,2028
FIN-018,Finance,158,367892,0.2212,0.0814,0.82,0.53,100,0.58,Low,2027
FIN-019,Finance,101,216756,0.7772,0.1685,0.78,0.64,71,0.37,Med,2028
FIN-020,Finance,115,212807,0.5564,0.1184,0.64,0.57,100,0.34,Med,2029
FIN-021,Finance,112,184978,0.3437,0.0636,1.06,0.74,100,0.28,High,2030
FIN-022,Finance,108,215826,0.2777,0.0599,0.88,0.9,100,0.46,High,2031
FIN-023,Finance,88,171305,0.1371,0.0235,0.91,0.68,100,0.2,Low,2028
FIN-024,Finance,84,180797,0.1001,0.0181,1.12,0.76,100,0.2,Med,2029
FIN-025,Finance,112,228622,0.2057,0.047,0.93,0.81,100,0.28,Med,2030
FIN-026,Finance,86,138959,0.3248,0.0451,0.95,0.96,100,0.15,High,2030
FIN-027,Finance,130,227103,0.5101,0.1158,0.93,1.0,100,0.24,High,2031
FIN-028,Finance,85,149092,0.7638,0.1139,0.64,0.96,74,0.33,High,2030
FIN-029,Finance,58,104769,0.3812,0.0399,1.07,1.0,100,0.11,High,2032
FIN-030,Finance,59,96965,0.7511,0.0728,0.71,0.75,100,0.19,Low,2027
FIN-031,Finance,79,148505,0.5004,0.0743,0.95,1.0,100,0.04,High,2030
FIN-032,Finance,151,279033,0.4758,0.1328,0.99,0.74,100,0.49,High,2030
FIN-033,Finance,93,159426,0.0887,0.0141,1.0,0.84,100,0.18,High,2029
FIN-034,Finance,68,96110,0.5113,0.0491,0.78,0.96,100,0.17,Med,2030
FIN-035,Finance,138,289461,0.0823,0.0238,0.99,0.94,100,0.36,High,2030
FIN-036,Finance,143,284914,0.2634,0.075,0.95,0.82,100,0.41,High,2031
FIN-037,Finance,91,182456,0.2903,0.053,0.95,0.48,100,0.35,Low,2028
FIN-038,Finance,77,177307,0.0477,0.0085,1.02,1.0,100,0.23,High,2031
FIN-039,Finance,71,134977,0.1274,0.0172,0.99,0.94,100,0.21,High,2030
FIN-040,Finance,108,168186,0.7868,0.1323,0.85,0.95,83,0.26,High,2032
FIN-041,Finance,140,217049,0.3379,0.0733,0.88,0.66,100,0.47,Med,2028
FIN-042,Finance,122,215424,0.7809,0.1682,0.47,0.83,88,0.29,High,2032
FIN-043,Finance,75,121422,0.2812,0.0341,0.97,0.53,100,0.36,Low,2028
FIN-044,Finance,92,168135,0.5869,0.0987,0.82,1.0,99,0.18,High,2032
FIN-045,Finance,95,177078,0.2934,0.052,0.56,0.9,100,0.09,High,2031
FIN-046,Finance,111,217325,0.6289,0.1367,0.74,0.9,87,0.41,High,2032
FIN-047,Finance,122,253037,0.3677,0.093,0.99,0.69,100,0.52,High,2031
FIN-048,Finance,95,118218,0.6177,0.073,0.83,0.8,100,0.24,High,2030
FIN-049,Finance,150,327422,0.545,0.1784,0.87,0.81,100,0.39,High,2032
FIN-050,Finance,52,79361,0.4604,0.0365,0.71,1.0,100,0.18,High,2031
FIN-051,Finance,147,238530,0.1724,0.0411,0.88,0.76,100,0.51,High,2030
FIN-052,Finance,139,283839,0.5529,0.1569,1.09,0.93,100,0.43,High,2031
FIN-053,Finance,115,236950,0.3579,0.0848,0.61,0.52,100,0.48,Low,2027
FIN-054,Finance,65,142043,0.7959,0.1131,1.01,0.92,54,0.28,High,2031
FIN-055,Finance,111,211441,0.5099,0.1078,0.57,0.51,100,0.4,Low,2027
FIN-056,Finance,127,302076,0.2033,0.0614,0.58,0.74,100,0.55,Med,2029
FIN-057,Finance,67,127449,0.1641,0.0209,1.0,0.68,100,0.21,Low,2027
FIN-058,Finance,59,80340,0.2677,0.0215,1.05,1.0,100,0.08,High,2032
FIN-059,Finance,92,173715,0.7335,0.1274,0.64,0.61,84,0.4,Med,2030
FIN-060,Finance,72,144048,0.2203,0.0317,0.86,1.0,100,0.25,High,2031
FIN-061,Finance,72,115149,0.2146,0.0247,1.13,0.64,100,0.19,Low,2027
FIN-062,Finance,96,214225,0.1809,0.0388,0.89,0.79,100,0.27,Med,2030
FIN-063,Finance,77,183880,0.4251,0.0782,0.66,0.64,100,0.29,Low,2027
FIN-064,Finance,155,300469,0.4805,0.1444,0.88,0.62,100,0.32,Med,2029
FIN-065,Finance,54,95358,0.6152,0.0587,0.95,1.0,99,0.05,High,2030
FIN-066,Finance,66,113692,0.269,0.0306,0.86,1.0,100,0.16,High,2033
FIN-067,Finance,135,210187,0.7645,0.1607,1.07,0.72,91,0.43,Med,2027
FIN-068,Finance,118,296373,0.5411,0.1604,1.05,1.0,77,0.29,High,2031
FIN-069,Finance,177,310592,0.504,0.1565,0.5,0.74,100,0.36,High,2030
FIN-070,Finance,124,270755,0.2899,0.0785,0.93,0.44,100,0.43,Low,2027
FIN-071,Finance,111,256207,0.294,0.0753,1.08,0.61,100,0.43,Med,2029
FIN-072,Finance,80,125754,0.2773,0.0349,1.24,0.97,100,0.16,High,2029
FIN-073,Finance,124,188300,0.4032,0.0759,0.41,0.73,100,0.36,High,2031
FIN-074,Finance,82,123590,0.2892,0.0357,1.0,0.83,100,0.14,High,2031
FIN-075,Finance,59,115289,0.5622,0.0648,0.83,0.98,100,0.19,Med,2027
FIN-076,Finance,91,139002,0.4608,0.0641,0.75,0.81,100,0.12,High,2032
FIN-077,Finance,166,308410,0.366,0.1129,1.06,0.42,100,0.61,Low,2027
FIN-078,Finance,67,154258,0.332,0.0512,0.87,1.0,100,0.19,High,2032
FIN-079,Finance,104,237048,0.4485,0.1063,0.74,0.8,100,0.33,High,2031
FIN-080,Finance,97,198172,0.6293,0.1247,0.97,0.65,100,0.38,Med,2029
LEG-001,Legal,187,346298,0.1001,0.0347,0.99,0.76,100,0.27,High,2031
LEG-002,Legal,156,280382,0.261,0.0732,0.74,0.56,100,0.41,Med,2030
LEG-003,Legal,97,174700,0.3666,0.064,0.81,0.6,100,0.26,Low,2029
LEG-004,Legal,70,123638,0.6081,0.0752,0.89,1.0,100,0.24,High,2032
LEG-005,Legal,126,216729,0.5459,0.1183,0.74,0.62,100,0.25,Low,2029
LEG-006,Legal,149,347073,0.3295,0.1144,0.67,0.71,100,0.29,Med,2028
LEG-007,Legal,105,235931,0.0547,0.0129,1.54,0.83,100,0.43,Med,2029
LEG-008,Legal,155,286572,0.2032,0.0582,0.84,0.61,100,0.67,Med,2029
LEG-009,Legal,119,268270,0.5111,0.1371,0.77,0.89,91,0.38,High,2032
LEG-010,Legal,149,371131,0.1718,0.0638,0.83,0.88,100,0.31,High,2031
LEG-011,Legal,93,194657,0.5743,0.1118,0.75,0.78,99,0.18,Med,2028
LEG-012,Legal,77,143885,0.3467,0.0499,0.8,1.0,100,0.21,High,2031
LEG-013,Legal,137,325496,0.1075,0.035,0.9,0.68,100,0.5,High,2030
LEG-014,Legal,85,215407,0.6244,0.1345,1.04,1.0,70,0.16,High,2031
LEG-015,Legal,151,218927,0.5249,0.1149,0.84,0.58,100,0.45,Low,2027
LEG-016,Legal,98,192499,0.2291,0.0441,1.29,0.9,100,0.23,High,2031
LEG-017,Legal,110,231333,0.774,0.1791,0.99,0.93,62,0.33,High,2031
LEG-018,Legal,82,195125,0.227,0.0443,0.99,1.0,100,0.18,High,2030
LEG-019,Legal,122,265910,0.6471,0.1721,0.63,0.93,63,0.36,High,2031
LEG-020,Legal,105,211954,0.1011,0.0214,0.96,0.72,100,0.29,Med,2028
LEG-021,Legal,143,312220,0.3807,0.1189,0.91,0.46,100,0.54,Low,2027
LEG-022,Legal,90,172780,0.5374,0.0929,1.05,0.87,100,0.24,High,2031
LEG-023,Legal,163,444856,0.3585,0.1595,0.84,0.75,100,0.46,High,2029
LEG-024,Legal,171,311090,0.3833,0.1192,0.73,0.85,100,0.35,High,2030
LEG-025,Legal,98,188972,0.6414,0.1212,0.76,0.84,97,0.33,High,2031
LEG-026,Legal,110,197824,0.4146,0.082,1.05,0.99,100,0.34,High,2030
LEG-027,Legal,159,333242,0.2606,0.0868,0.96,0.82,100,0.34,Med,2029
LEG-028,Legal,52,93531,0.2856,0.0267,1.12,0.98,100,0.06,High,2031
LEG-029,Legal,155,322571,0.2127,0.0686,0.85,0.76,100,0.51,High,2030
LEG-030,Legal,114,195165,0.3497,0.0682,1.08,0.59,100,0.3,Low,2027
LEG-031,Legal,126,226651,0.3682,0.0835,1.06,0.94,100,0.37,High,2030
LEG-032,Legal,69,102489,0.649,0.0665,0.68,0.98,100,0.08,High,2031
LEG-033,Legal,123,216086,0.1487,0.0321,1.0,1.0,100,0.31,High,2031
LEG-034,Legal,126,241529,0.1099,0.0265,1.17,0.78,100,0.22,Med,2030
LEG-035,Legal,182,315294,0.6526,0.2058,0.82,0.72,100,0.45,High,2029
LEG-036,Legal,79,204538,0.5261,0.1076,0.81,0.94,57,0.02,High,2030
LEG-037,Legal,90,193622,0.3307,0.064,0.88,0.97,100,0.2,Med,2028
LEG-038,Legal,112,224742,0.3252,0.0731,1.06,0.89,100,0.06,High,2030
LEG-039,Legal,125,315119,0.2757,0.0869,0.57,0.88,100,0.24,High,2031
LEG-040,Legal,138,317605,0.6941,0.2204,0.62,0.76,72,0.19,Med,2028
LEG-041,Legal,93,149534,0.4403,0.0658,0.83,0.98,100,0.23,High,2029
LEG-042,Legal,158,364772,0.2817,0.1028,0.67,0.87,100,0.37,High,2031
LEG-043,Legal,140,304375,0.7049,0.2146,0.61,0.57,73,0.43,Low,2027
LEG-044,Legal,138,258401,0.4094,0.1058,0.89,0.71,100,0.37,Med,2029
LEG-045,Legal,170,354813,0.1112,0.0395,0.96,0.78,100,0.46,High,2032
LEG-046,Legal,85,161713,0.3727,0.0603,0.68,1.0,100,0.24,High,2031
LEG-047,Legal,57,106229,0.4118,0.0437,0.97,0.95,100,0.1,High,2030
LEG-048,Legal,111,157949,0.7607,0.1202,0.84,0.7,100,0.18,Med,2027
LEG-049,Legal,114,270385,0.7408,0.2003,1.07,0.91,64,0.24,High,2030
LEG-050,Legal,141,271405,0.3421,0.0928,0.71,0.96,100,0.26,High,2031
LEG-051,Legal,178,364420,0.2729,0.0995,0.6,0.51,100,0.58,Med,2027
LEG-052,Legal,103,240001,0.297,0.0713,0.77,0.89,100,0.36,High,2031
LEG-053,Legal,162,345858,0.4599,0.1591,0.96,0.62,100,0.52,High,2032
LEG-054,Legal,145,338534,0.5662,0.1917,0.88,0.75,87,0.39,Med,2027
LEG-055,Legal,182,391863,0.7331,0.2873,0.81,0.88,72,0.46,High,2031
LEG-056,Legal,150,324690,0.4462,0.1449,1.19,0.68,100,0.52,High,2029
LEG-057,Legal,96,199967,0.0766,0.0153,1.27,1.0,100,0.14,High,2031
LEG-058,Legal,145,268301,0.2467,0.0662,0.91,0.96,100,0.21,High,2029
LEG-059,Legal,182,422175,0.5381,0.2272,0.71,0.82,89,0.54,High,2030
LEG-060,Legal,76,174820,0.0742,0.013,1.16,0.72,100,0.38,Med,2030
LEG-061,Legal,115,190375,0.1199,0.0228,0.83,0.72,100,0.21,Med,2029
LEG-062,Legal,168,266527,0.1504,0.0401,1.09,0.51,100,0.36,Med,2028
LEG-063,Legal,117,221489,0.6269,0.1389,0.65,0.83,97,0.26,Med,2028
LEG-064,Legal,165,410486,0.4477,0.1838,0.86,0.88,100,0.36,High,2029
LEG-065,Legal,170,339822,0.6165,0.2095,0.84,0.92,95,0.23,High,2030
LEG-066,Legal,60,115951,0.4177,0.0484,0.66,1.0,100,0.1,High,2030
LEG-067,Legal,175,384379,0.7783,0.2992,1.06,0.94,63,0.28,High,2031
LEG-068,Legal,144,323690,0.4056,0.1313,0.91,0.74,100,0.47,High,2030
LEG-069,Legal,103,220820,0.2889,0.0638,0.88,1.0,100,0.18,High,2032
LEG-070,Legal,104,192578,0.3386,0.0652,0.92,0.91,100,0.28,High,2031
LEG-071,Legal,147,242781,0.3651,0.0886,0.87,0.71,100,0.33,Med,2029
LEG-072,Legal,133,215685,0.3408,0.0735,0.83,0.9,100,0.31,High,2032
LEG-073,Legal,133,272389,0.5726,0.156,0.99,0.96,100,0.23,High,2032
LEG-074,Legal,77,148417,0.2273,0.0337,0.88,0.85,100,0.24,Med,2029
LEG-075,Legal,118,221954,0.7109,0.1578,0.97,0.86,80,0.3,High,2030
LEG-076,Legal,159,262526,0.2954,0.0776,0.81,0.95,100,0.25,High,2030
LEG-077,Legal,103,256528,0.1572,0.0403,0.98,0.6,100,0.37,Med,2029
LEG-078,Legal,89,165930,0.4834,0.0802,0.98,0.77,100,0.17,Med,2028
LEG-079,Legal,104,261512,0.4251,0.1112,0.68,1.0,99,0.32,High,2031
LEG-080,Legal,62,123155,0.1252,0.0154,1.11,1.0,100,0.14,High,2032
HLT-001,Healthcare,120,219357,0.1137,0.0249,1.16,0.98,100,0.26,High,2031
HLT-002,Healthcare,66,186112,0.4306,0.0801,1.1,1.0,97,0.23,High,2030
HLT-003,Healthcare,136,312575,0.5921,0.1851,0.86,0.87,88,0.26,High,2029
HLT-004,Healthcare,49,144194,0.4921,0.071,0.62,1.0,68,0.13,High,2033
HLT-005,Healthcare,121,257722,0.1324,0.0341,0.79,0.82,100,0.23,High,2030
HLT-006,Healthcare,167,198817,0.7074,0.1406,0.99,0.87,100,0.12,High,2031
HLT-007,Healthcare,46,141295,0.7708,0.1089,1.02,0.81,49,0.27,Low,2026
HLT-008,Healthcare,153,425892,0.4148,0.1767,0.88,0.78,100,0.45,High,2031
HLT-009,Healthcare,98,236139,0.4113,0.0971,0.66,0.99,100,0.23,High,2031
HLT-010,Healthcare,122,258044,0.0564,0.0146,0.97,0.64,100,0.43,Med,2029
HLT-011,Healthcare,87,202272,0.6855,0.1387,0.78,0.96,76,0.24,High,2031
HLT-012,Healthcare,83,221011,0.1991,0.044,0.93,1.0,100,0.2,High,2030
HLT-013,Healthcare,178,339360,0.2061,0.0699,0.74,0.8,100,0.33,High,2031
HLT-014,Healthcare,195,341838,0.5992,0.2048,0.92,0.75,100,0.33,High,2032
HLT-015,Healthcare,204,381917,0.3317,0.1267,1.0,0.85,100,0.38,High,2031
HLT-016,Healthcare,233,595511,0.3138,0.1869,0.94,0.91,100,0.4,High,2030
HLT-017,Healthcare,122,319969,0.3315,0.1061,0.59,1.0,100,0.36,High,2032
HLT-018,Healthcare,125,373048,0.464,0.1731,0.67,1.0,81,0.25,High,2033
HLT-019,Healthcare,66,163982,0.5031,0.0825,0.85,1.0,85,0.18,High,2031
HLT-020,Healthcare,202,498764,0.2608,0.1301,0.76,0.66,100,0.54,High,2031
HLT-021,Healthcare,200,430009,0.2999,0.129,0.9,0.57,100,0.37,Med,2029
HLT-022,Healthcare,136,250012,0.7774,0.1944,0.78,0.8,76,0.19,High,2030
HLT-023,Healthcare,84,199950,0.1205,0.0241,1.26,1.0,100,0.04,High,2031
HLT-024,Healthcare,220,533865,0.65,0.347,0.69,0.76,71,0.61,High,2031
HLT-025,Healthcare,209,443648,0.5597,0.2483,0.9,0.81,97,0.46,High,2032
HLT-026,Healthcare,127,324818,0.2291,0.0744,0.7,1.0,100,0.31,High,2031
HLT-027,Healthcare,113,283806,0.0952,0.027,0.72,0.85,100,0.28,High,2031
HLT-028,Healthcare,167,359230,0.3379,0.1214,0.82,0.84,100,0.41,High,2030
HLT-029,Healthcare,106,176854,0.7482,0.1323,0.59,1.0,95,0.31,High,2031
HLT-030,Healthcare,125,238006,0.1094,0.026,0.96,0.79,100,0.19,Med,2028
HLT-031,Healthcare,224,418401,0.1349,0.0564,0.74,0.53,100,0.42,High,2032
HLT-032,Healthcare,122,329560,0.2863,0.0944,0.89,0.64,100,0.47,Med,2028
HLT-033,Healthcare,158,375920,0.6102,0.2294,0.49,0.78,59,0.28,High,2032
HLT-034,Healthcare,69,164715,0.7011,0.1155,0.79,1.0,51,0.15,High,2030
HLT-035,Healthcare,91,211736,0.6585,0.1394,0.77,0.88,82,0.1,High,2031
HLT-036,Healthcare,131,312492,0.1961,0.0613,0.92,0.58,100,0.45,Med,2029
HLT-037,Healthcare,107,211323,0.3858,0.0815,0.9,0.99,100,0.17,High,2030
HLT-038,Healthcare,192,327497,0.5157,0.1689,0.81,0.92,100,0.34,High,2032
HLT-039,Healthcare,164,409457,0.3067,0.1256,0.75,0.52,100,0.51,Med,2030
HLT-040,Healthcare,100,193781,0.3399,0.0659,0.66,1.0,100,0.09,High,2031
HLT-041,Healthcare,173,388638,0.5846,0.2272,0.56,0.8,77,0.44,High,2032
HLT-042,Healthcare,185,323871,0.6536,0.2117,0.9,0.44,100,0.31,Low,2028
HLT-043,Healthcare,86,270730,0.2909,0.0788,0.68,1.0,100,0.27,High,2030
HLT-044,Healthcare,184,440455,0.316,0.1392,1.06,0.87,100,0.3,High,2030
HLT-045,Healthcare,108,241731,0.5019,0.1213,0.9,0.82,100,0.25,High,2030
HLT-046,Healthcare,145,346821,0.1566,0.0543,0.98,0.89,100,0.38,High,2031
HLT-047,Healthcare,94,232182,0.463,0.1075,0.74,0.9,100,0.22,High,2031
HLT-048,Healthcare,150,323447,0.502,0.1624,0.99,0.7,100,0.34,High,2031
HLT-049,Healthcare,197,447831,0.6737,0.3017,0.92,0.8,57,0.48,High,2030
HLT-050,Healthcare,89,217502,0.7227,0.1572,0.96,1.0,44,0.09,High,2030
HLT-051,Healthcare,99,190716,0.6928,0.1321,1.1,0.97,85,0.26,High,2031
HLT-052,Healthcare,143,221578,0.5621,0.1245,1.13,0.76,100,0.26,Med,2029
HLT-053,Healthcare,102,292854,0.4312,0.1263,0.98,0.92,88,0.33,High,2030
HLT-054,Healthcare,61,161281,0.5344,0.0862,0.64,0.92,84,0.11,High,2030
HLT-055,Healthcare,133,185148,0.4658,0.0862,0.96,0.83,100,0.12,High,2032
HLT-056,Healthcare,48,153515,0.2608,0.04,0.91,1.0,100,0.15,High,2031
HLT-057,Healthcare,193,388806,0.6622,0.2575,0.94,0.81,79,0.38,High,2032
HLT-058,Healthcare,211,272344,0.1207,0.0329,1.21,0.65,100,0.42,Med,2030
HLT-059,Healthcare,124,254153,0.1516,0.0385,1.06,0.95,100,0.38,High,2032
HLT-060,Healthcare,151,237855,0.2715,0.0646,0.98,1.0,100,0.24,High,2032
HLT-061,Healthcare,138,288001,0.6211,0.1789,0.64,1.0,80,0.3,High,2031
HLT-062,Healthcare,98,239821,0.7942,0.1905,0.68,0.9,35,0.29,High,2030
HLT-063,Healthcare,174,350561,0.3497,0.1226,0.94,0.93,100,0.37,High,2031
HLT-064,Healthcare,75,180954,0.1031,0.0187,0.97,1.0,100,0.06,High,2033
HLT-065,Healthcare,121,228014,0.724,0.1651,0.72,0.8,93,0.25,High,2030
HLT-066,Healthcare,156,363515,0.0417,0.0152,1.08,0.84,100,0.39,High,2030
HLT-067,Healthcare,127,278204,0.2171,0.0604,0.97,0.87,100,0.14,High,2031
HLT-068,Healthcare,136,308473,0.6121,0.1888,1.04,0.78,88,0.17,Med,2028
HLT-069,Healthcare,174,392314,0.5957,0.2337,0.82,0.5,100,0.47,Med,2029
HLT-070,Healthcare,94,232259,0.331,0.0769,1.1,0.98,100,0.22,High,2031
HLT-071,Healthcare,132,347650,0.6551,0.2277,0.83,0.81,64,0.29,Med,2029
HLT-072,Healthcare,87,233306,0.3255,0.0759,0.76,0.74,100,0.3,Med,2027
HLT-073,Healthcare,126,277407,0.2122,0.0589,1.0,0.93,100,0.21,High,2030
HLT-074,Healthcare,132,351251,0.5185,0.1821,0.69,0.57,91,0.45,Med,2030
HLT-075,Healthcare,100,188813,0.7045,0.133,0.75,0.82,92,0.32,High,2030
HLT-076,Healthcare,113,277047,0.1719,0.0476,0.68,0.85,100,0.41,Med,2030
HLT-077,Healthcare,127,327092,0.2137,0.0699,0.81,0.71,100,0.37,High,2030
HLT-078,Healthcare,82,212310,0.2951,0.0627,0.95,1.0,100,0.21,High,2033
HLT-079,Healthcare,138,372258,0.4902,0.1825,1.05,0.71,99,0.31,High,2031
HLT-080,Healthcare,92,213157,0.328,0.0699,0.99,1.0,100,0.26,High,2032
MLO-001,MLOps,69,78712,0.4141,0.0326,1.07,0.56,100,0.35,Low,2027
MLO-002,MLOps,80,125152,0.3172,0.0397,1.1,0.47,100,0.31,Low,2027
MLO-003,MLOps,114,110884,0.3231,0.0358,0.78,0.83,100,0.17,High,2031
MLO-004,MLOps,179,341771,0.1384,0.0473,1.06,0.8,100,0.52,High,2031
MLO-005,MLOps,62,81451,0.0459,0.0037,1.16,0.62,100,0.35,Low,2027
MLO-006,MLOps,84,113936,0.1988,0.0227,1.01,0.69,100,0.21,Low,2028
MLO-007,MLOps,69,76439,0.378,0.0289,0.91,0.71,100,0.07,Low,2028
MLO-008,MLOps,118,254060,0.2883,0.0732,0.78,0.95,100,0.45,High,2031
MLO-009,MLOps,88,138722,0.3137,0.0435,0.85,0.59,100,0.28,Low,2027
MLO-010,MLOps,78,85061,0.6377,0.0542,0.72,0.54,100,0.42,Low,2028
MLO-011,MLOps,125,231510,0.1078,0.025,1.06,0.56,100,0.51,Med,2030
MLO-012,MLOps,115,136012,0.0629,0.0086,0.87,0.74,100,0.27,Med,2030
MLO-013,MLOps,129,243802,0.0739,0.018,1.13,0.63,100,0.52,Med,2027
MLO-014,MLOps,120,227995,0.1814,0.0414,1.13,0.59,100,0.32,Low,2027
MLO-015,MLOps,151,297150,0.4671,0.1388,0.79,0.8,100,0.38,Med,2029
MLO-016,MLOps,107,107096,0.7217,0.0773,0.86,0.46,100,0.44,Low,2028
MLO-017,MLOps,102,117301,0.1519,0.0178,0.86,0.74,100,0.34,Med,2029
MLO-018,MLOps,66,75218,0.7511,0.0565,1.02,0.67,100,0.16,Low,2027
MLO-019,MLOps,72,87859,0.2365,0.0208,0.99,0.83,100,0.21,Low,2027
MLO-020,MLOps,104,127300,0.2187,0.0278,1.06,0.45,100,0.41,Low,2027
MLO-021,MLOps,89,138413,0.2144,0.0297,1.1,0.75,100,0.32,Med,2028
MLO-022,MLOps,96,83215,0.3093,0.0257,0.92,0.54,100,0.33,Low,2029
MLO-023,MLOps,103,146152,0.1897,0.0277,0.62,0.74,100,0.39,Low,2028
MLO-024,MLOps,91,116175,0.0661,0.0077,0.91,0.93,100,0.29,Med,2029
MLO-025,MLOps,115,177091,0.1177,0.0208,0.99,1.0,100,0.38,High,2030
MLO-026,MLOps,95,147665,0.1602,0.0237,1.05,0.79,100,0.38,Med,2028
MLO-027,MLOps,61,58311,0.7744,0.0452,0.92,0.71,100,0.17,Med,2030
MLO-028,MLOps,91,112265,0.3078,0.0346,0.78,0.75,100,0.34,Med,2029
MLO-029,MLOps,88,158444,0.3499,0.0554,0.81,0.54,100,0.36,Low,2028
MLO-030,MLOps,77,109714,0.1797,0.0197,0.95,0.83,100,0.13,Med,2027
MLO-031,MLOps,135,262896,0.4428,0.1164,0.64,0.57,100,0.6,Low,2029
MLO-032,MLOps,63,80619,0.5445,0.0439,1.01,0.63,100,0.23,Low,2026
MLO-033,MLOps,178,278893,0.2767,0.0772,0.86,0.67,100,0.54,High,2032
MLO-034,MLOps,77,106356,0.4844,0.0515,0.75,0.54,100,0.34,Low,2029
MLO-035,MLOps,108,178979,0.1775,0.0318,0.65,0.53,100,0.62,Low,2028
MLO-036,MLOps,92,132645,0.0756,0.01,0.98,0.6,100,0.3,Low,2027
MLO-037,MLOps,69,115510,0.6196,0.0716,0.93,0.58,100,0.28,Low,2028
MLO-038,MLOps,74,96668,0.2944,0.0285,0.68,0.81,100,0.29,Med,2029
MLO-039,MLOps,95,131991,0.5841,0.0771,0.73,0.67,100,0.38,Low,2028
MLO-040,MLOps,106,156789,0.1838,0.0288,1.23,0.6,100,0.35,Low,2026
MLO-041,MLOps,71,85662,0.1863,0.016,1.03,0.97,100,0.13,High,2031
MLO-042,MLOps,117,192366,0.7515,0.1446,0.93,0.51,100,0.4,Low,2027
MLO-043,MLOps,119,206780,0.1171,0.0242,0.91,0.51,100,0.46,Low,2028
MLO-044,MLOps,76,107521,0.4468,0.048,1.01,0.56,100,0.22,Low,2028
MLO-045,MLOps,135,175617,0.2781,0.0488,0.81,0.41,100,0.33,Low,2026
MLO-046,MLOps,98,153915,0.3064,0.0472,0.99,0.5,100,0.37,Low,2027
MLO-047,MLOps,108,171140,0.253,0.0433,1.2,0.79,100,0.41,Med,2028
MLO-048,MLOps,88,131242,0.1029,0.0135,0.89,0.74,100,0.31,Med,2030
MLO-049,MLOps,107,132021,0.2748,0.0363,0.92,0.87,100,0.27,High,2031
MLO-050,MLOps,81,109577,0.229,0.0251,0.66,0.54,100,0.31,Low,2028
MLO-051,MLOps,82,121585,0.0327,0.004,1.1,0.78,100,0.22,Med,2027
MLO-052,MLOps,96,126963,0.0952,0.0121,1.12,0.66,100,0.25,Med,2029
MLO-053,MLOps,110,183200,0.0661,0.0121,1.09,0.55,100,0.5,Low,2029
MLO-054,MLOps,85,118957,0.2211,0.0263,0.72,0.97,100,0.3,High,2031
MLO-055,MLOps,101,151473,0.6856,0.1038,0.94,0.84,100,0.27,Med,2029
MLO-056,MLOps,95,140858,0.4767,0.0671,0.83,0.87,100,0.28,Med,2027
MLO-057,MLOps,116,217232,0.5703,0.1239,0.89,0.53,100,0.47,Low,2028
MLO-058,MLOps,154,281591,0.0402,0.0113,0.96,0.42,100,0.5,Low,2028
MLO-059,MLOps,113,221991,0.6275,0.1393,1.15,0.53,100,0.52,Low,2028
MLO-060,MLOps,114,192918,0.2124,0.041,1.03,0.82,100,0.41,High,2029
MLO-061,MLOps,103,150137,0.1073,0.0161,1.01,0.39,100,0.54,Low,2026
MLO-062,MLOps,77,81780,0.5617,0.0459,1.02,0.69,100,0.31,Low,2029
MLO-063,MLOps,122,181951,0.4534,0.0825,0.88,0.7,100,0.5,Med,2029
MLO-064,MLOps,115,233578,0.0551,0.0129,0.76,0.63,100,0.52,Med,2027
MLO-065,MLOps,127,227492,0.2427,0.0552,1.02,0.48,100,0.43,Low,2026
MLO-066,MLOps,97,156519,0.087,0.0136,0.99,0.83,100,0.31,Low,2028
MLO-067,MLOps,125,261677,0.293,0.0767,1.1,0.51,100,0.68,Med,2030
MLO-068,MLOps,69,104219,0.2195,0.0229,1.01,0.78,100,0.19,Med,2029
MLO-069,MLOps,134,273732,0.6459,0.1768,0.96,0.42,100,0.51,Low,2026
MLO-070,MLOps,80,122653,0.3064,0.0376,1.1,0.83,100,0.2,Med,2029
MLO-071,MLOps,82,96638,0.5071,0.049,1.08,0.66,100,0.25,Low,2027
MLO-072,MLOps,99,118201,0.0818,0.0097,1.21,0.49,100,0.27,Low,2027
MLO-073,MLOps,129,213704,0.3224,0.0689,0.94,0.64,100,0.37,Med,2030
MLO-074,MLOps,110,190133,0.3171,0.0603,1.06,0.55,100,0.58,Low,2027
MLO-075,MLOps,64,89255,0.0476,0.0042,1.09,0.85,100,0.17,Low,2028
MLO-076,MLOps,96,119214,0.139,0.0166,1.14,0.6,100,0.24,Low,2029
MLO-077,MLOps,127,177829,0.1455,0.0259,1.06,0.53,100,0.3,Low,2029
MLO-078,MLOps,152,208817,0.301,0.0629,0.77,0.74,100,0.33,High,2032
MLO-079,MLOps,71,104347,0.2559,0.0267,0.91,1.0,100,0.27,High,2031
MLO-080,MLOps,85,139717,0.0634,0.0089,1.27,0.75,100,0.35,Med,2030
CRE-001,Creative,118,571641,0.1148,0.0656,0.95,0.52,100,0.43,Low,2027
CRE-002,Creative,41,227585,0.2621,0.0597,1.09,0.67,88,0.36,Low,2028
CRE-003,Creative,95,413789,0.7499,0.3103,0.77,0.61,41,0.46,Low,2027
CRE-004,Creative,141,440842,0.6059,0.2671,0.92,0.12,81,0.69,Low,2028
CRE-005,Creative,45,161950,0.1271,0.0206,1.1,0.81,100,0.06,Med,2030
CRE-006,Creative,95,468769,0.556,0.2606,0.73,0.55,36,0.45,Low,2028
CRE-007,Creative,112,456553,0.5407,0.2469,0.77,0.4,68,0.61,Low,2026
CRE-008,Creative,105,533937,0.0607,0.0324,1.02,0.73,100,0.43,Med,2029
CRE-009,Creative,94,385055,0.5263,0.2027,0.64,0.57,56,0.49,Low,2027
CRE-010,Creative,34,169985,0.312,0.053,1.11,0.88,67,0.07,Med,2027
CRE-011,Creative,60,258075,0.2502,0.0646,0.89,0.69,100,0.35,Low,2029
CRE-012,Creative,39,209109,0.2548,0.0533,0.76,0.77,94,0.12,Low,2028
CRE-013,Creative,96,435108,0.1609,0.07,0.67,0.5,100,0.39,Low,2027
CRE-014,Creative,80,373749,0.3357,0.1255,0.92,0.65,85,0.44,Med,2027
CRE-015,Creative,107,540386,0.3805,0.2056,0.74,0.93,60,0.49,High,2029
CRE-016,Creative,92,478298,0.383,0.1832,0.83,0.87,44,0.45,High,2031
CRE-017,Creative,79,406002,0.2641,0.1072,0.85,0.63,99,0.44,Low,2027
CRE-018,Creative,75,323562,0.5801,0.1877,1.04,0.6,47,0.51,Low,2026
CRE-019,Creative,87,372256,0.3225,0.1201,0.93,0.62,97,0.4,Low,2026
CRE-020,Creative,60,275572,0.2572,0.0709,0.72,0.55,100,0.31,Low,2027
CRE-021,Creative,83,446614,0.6806,0.304,0.73,0.65,30,0.37,Med,2030
CRE-022,Creative,59,270475,0.2252,0.0609,0.84,0.76,100,0.39,Low,2029
CRE-023,Creative,83,267756,0.3068,0.0821,0.77,0.63,100,0.38,Med,2027
CRE-024,Creative,67,319971,0.1433,0.0459,0.91,0.94,100,0.36,Low,2026
CRE-025,Creative,59,242006,0.3195,0.0773,1.11,0.69,98,0.31,Low,2028
CRE-026,Creative,82,367610,0.742,0.2728,0.73,0.77,25,0.32,Low,2028
CRE-027,Creative,52,197623,0.3082,0.0609,0.78,0.81,100,0.21,Low,2028
CRE-028,Creative,71,312869,0.5208,0.1629,0.93,0.53,63,0.38,Low,2029
CRE-029,Creative,66,306036,0.2061,0.0631,1.1,0.7,100,0.26,Low,2027
CRE-030,Creative,38,195500,0.181,0.0354,0.94,0.99,100,0.19,High,2029
CRE-031,Creative,52,296978,0.3552,0.1055,0.91,0.53,49,0.22,Low,2028
CRE-032,Creative,111,534047,0.2872,0.1534,0.9,0.34,100,0.62,Low,2027
CRE-033,Creative,128,616634,0.3353,0.2068,0.58,0.39,91,0.57,Low,2027
CRE-034,Creative,73,382974,0.7618,0.2917,0.78,0.8,19,0.28,Low,2028
CRE-035,Creative,50,234276,0.6124,0.1435,0.94,0.75,16,0.28,Med,2029
CRE-036,Creative,90,419534,0.618,0.2593,0.78,0.38,41,0.57,Low,2028
CRE-037,Creative,94,422244,0.2474,0.1045,0.68,0.52,100,0.57,Low,2028
CRE-038,Creative,139,579323,0.2723,0.1577,0.62,0.18,100,0.8,Low,2026
CRE-039,Creative,59,287680,0.4584,0.1319,0.89,0.83,39,0.35,Med,2027
CRE-040,Creative,74,397854,0.5418,0.2156,0.68,0.66,32,0.41,Low,2029
CRE-041,Creative,85,347735,0.5467,0.1901,0.7,0.76,48,0.44,Med,2030
CRE-042,Creative,52,250219,0.1502,0.0376,0.83,0.72,100,0.29,Low,2028
CRE-043,Creative,111,461290,0.5742,0.2649,0.92,0.23,71,0.55,Low,2026
CRE-044,Creative,86,359868,0.7746,0.2788,0.95,0.79,21,0.31,High,2029
CRE-045,Creative,78,324367,0.712,0.2309,0.76,0.73,45,0.46,Med,2030
CRE-046,Creative,75,312246,0.3984,0.1244,0.84,0.62,78,0.36,Low,2028
CRE-047,Creative,74,345072,0.1315,0.0454,1.07,1.0,100,0.23,High,2031
CRE-048,Creative,111,379248,0.3712,0.1408,0.71,0.78,90,0.36,High,2029
CRE-049,Creative,44,174018,0.288,0.0501,0.79,0.61,100,0.18,Med,2028
CRE-050,Creative,122,560319,0.6677,0.3741,0.81,0.9,23,0.43,High,2030
CRE-051,Creative,68,248468,0.3139,0.078,0.72,0.65,100,0.39,Med,2029
CRE-052,Creative,77,359552,0.3,0.1079,0.77,0.47,100,0.63,Low,2028
CRE-053,Creative,47,229965,0.1821,0.0419,0.83,1.0,100,0.13,High,2032
CRE-054,Creative,49,224313,0.533,0.1196,0.74,0.78,46,0.37,Low,2029
CRE-055,Creative,114,442125,0.2537,0.1122,0.86,0.57,100,0.47,Low,2028
CRE-056,Creative,95,393806,0.3957,0.1558,0.86,0.72,85,0.33,Med,2029
CRE-057,Creative,72,282691,0.437,0.1235,0.86,0.52,80,0.46,Low,2029
CRE-058,Creative,92,446550,0.3576,0.1597,0.62,0.5,85,0.49,Low,2027
CRE-059,Creative,42,161215,0.6098,0.0983,0.89,0.76,63,0.21,Low,2029
CRE-060,Creative,96,389417,0.3649,0.1421,0.59,0.66,93,0.34,Low,2028
CRE-061,Creative,59,238011,0.281,0.0669,0.98,0.62,100,0.23,Low,2028
CRE-062,Creative,88,366580,0.4975,0.1824,0.59,0.46,51,0.35,Med,2027
CRE-063,Creative,43,180032,0.2301,0.0414,0.73,1.0,100,0.21,Med,2030
CRE-064,Creative,65,305398,0.202,0.0617,0.98,0.8,100,0.32,Med,2029
CRE-065,Creative,100,482640,0.1772,0.0855,1.05,0.48,100,0.43,Low,2026
CRE-066,Creative,91,402664,0.5927,0.2387,0.88,0.61,39,0.54,Med,2028
CRE-067,Creative,94,364897,0.4773,0.1742,0.76,0.5,67,0.51,Low,2027
CRE-068,Creative,59,318504,0.289,0.092,1.12,0.53,100,0.54,Low,2029
CRE-069,Creative,56,253364,0.101,0.0256,1.01,0.72,100,0.18,Low,2029
CRE-070,Creative,130,618685,0.1013,0.0627,0.66,0.64,100,0.52,Med,2028
CRE-071,Creative,75,344652,0.1726,0.0595,0.96,0.49,100,0.45,Low,2026
CRE-072,Creative,57,221592,0.3097,0.0686,0.62,0.59,100,0.46,Low,2026
CRE-073,Creative,50,234853,0.3101,0.0728,0.79,0.64,93,0.24,Low,2027
CRE-074,Creative,54,294789,0.5144,0.1516,0.59,0.72,32,0.33,Med,2030
CRE-075,Creative,53,268283,0.6581,0.1766,0.57,0.61,11,0.25,Low,2028
CRE-076,Creative,77,336996,0.3229,0.1088,0.83,0.49,96,0.32,Low,2028
CRE-077,Creative,58,229431,0.0397,0.0091,1.17,0.79,100,0.24,Low,2028
CRE-078,Creative,62,224958,0.164,0.0369,0.84,1.0,100,0.26,High,2032
CRE-079,Creative,64,289048,0.4071,0.1177,0.69,0.63,61,0.35,Low,2026
CRE-080,Creative,64,181106,0.6055,0.1097,0.63,0.51,80,0.37,Low,2026
EDU-001,Education,34,65105,0.1237,0.0081,0.88,0.68,100,0.2,Med,2027
EDU-002,Education,34,86192,0.2041,0.0176,0.98,0.88,100,0.26,High,2030
EDU-003,Education,62,159953,0.6134,0.0981,0.59,0.8,70,0.18,High,2031
EDU-004,Education,58,158790,0.4133,0.0656,0.89,0.77,100,0.28,Med,2028
EDU-005,Education,71,189057,0.2987,0.0565,0.9,0.79,100,0.32,High,2029
EDU-006,Education,26,51323,0.2824,0.0145,1.0,0.86,100,0.11,Med,2029
EDU-007,Education,42,133545,0.2246,0.03,0.68,0.57,100,0.32,Low,2026
EDU-008,Education,46,141660,0.1593,0.0226,1.07,0.68,100,0.25,Med,2027
EDU-009,Education,54,158986,0.0691,0.011,0.81,0.8,100,0.25,Med,2029
EDU-010,Education,64,226858,0.128,0.029,0.96,0.45,100,0.62,Low,2026
EDU-011,Education,78,200184,0.3417,0.0684,0.62,0.34,100,0.41,Low,2026
EDU-012,Education,39,67269,0.2273,0.0153,0.88,1.0,100,0.13,High,2031
EDU-013,Education,46,108062,0.2822,0.0305,0.89,0.56,100,0.28,Low,2028
EDU-014,Education,69,203573,0.2768,0.0563,0.73,0.95,100,0.33,High,2031
EDU-015,Education,48,126822,0.2541,0.0322,1.06,0.54,100,0.28,Med,2029
EDU-016,Education,34,84683,0.068,0.0058,1.28,0.94,100,0.1,High,2031
EDU-017,Education,64,142068,0.5815,0.0826,0.77,0.82,90,0.37,Med,2029
EDU-018,Education,56,171188,0.2493,0.0427,0.91,0.63,100,0.37,Low,2027
EDU-019,Education,28,66026,0.105,0.0069,0.94,0.75,100,0.33,Med,2028
EDU-020,Education,32,54516,0.3111,0.017,1.02,0.98,100,0.12,High,2032
EDU-021,Education,69,177636,0.3418,0.0607,0.86,0.64,100,0.32,High,2029
EDU-022,Education,43,86517,0.1474,0.0128,1.09,0.9,100,0.15,High,2031
EDU-023,Education,50,120482,0.1103,0.0133,1.17,0.59,100,0.28,Med,2029
EDU-024,Education,87,230387,0.2393,0.0551,0.76,0.47,100,0.56,Med,2028
EDU-025,Education,53,143584,0.3508,0.0504,0.86,0.7,100,0.22,Med,2028
EDU-026,Education,55,156582,0.2554,0.04,0.87,0.71,100,0.18,Med,2030
EDU-027,Education,67,166098,0.08,0.0133,1.06,0.41,100,0.29,Low,2026
EDU-028,Education,51,156420,0.3461,0.0541,0.77,0.91,100,0.34,Med,2029
EDU-029,Education,55,103945,0.3012,0.0313,0.76,0.67,100,0.1,Med,2028
EDU-030,Education,54,117600,0.3361,0.0395,0.72,0.5,100,0.35,Low,2028
EDU-031,Education,45,131896,0.1007,0.0133,0.83,0.49,100,0.44,Low,2026
EDU-032,Education,61,192630,0.0444,0.0086,0.76,0.96,100,0.37,High,2031
EDU-033,Education,47,146872,0.3149,0.0462,0.79,0.69,100,0.37,Med,2030
EDU-034,Education,39,95813,0.1846,0.0177,0.66,0.79,100,0.22,Med,2027
EDU-035,Education,62,124800,0.7407,0.0924,0.75,0.48,90,0.43,Med,2027
EDU-036,Education,40,95407,0.1529,0.0146,0.99,0.65,100,0.28,Med,2029
EDU-037,Education,69,192766,0.2068,0.0399,1.01,0.56,100,0.37,Med,2030
EDU-038,Education,32,64155,0.5513,0.0354,1.07,0.78,100,0.2,Med,2028
EDU-039,Education,25,64139,0.2079,0.0133,0.88,0.9,100,0.02,High,2030
EDU-040,Education,55,122135,0.7175,0.0876,0.93,0.58,86,0.28,Med,2028
EDU-041,Education,32,76948,0.3011,0.0232,0.87,1.0,100,0.01,High,2030
EDU-042,Education,37,103976,0.1978,0.0206,1.12,0.7,100,0.24,Med,2027
EDU-043,Education,62,159126,0.7786,0.1239,0.88,0.65,70,0.45,Med,2027
EDU-044,Education,46,100637,0.3212,0.0323,1.14,0.47,100,0.4,Low,2026
EDU-045,Education,48,153558,0.3326,0.0511,1.03,0.76,100,0.35,Med,2028
EDU-046,Education,54,181112,0.3943,0.0714,0.82,0.54,99,0.35,Med,2029
EDU-047,Education,40,90441,0.1265,0.0114,0.81,0.96,100,0.07,High,2029
EDU-048,Education,36,90192,0.0483,0.0044,0.9,0.95,100,0.04,High,2030
EDU-049,Education,55,135120,0.2706,0.0366,0.62,0.65,100,0.23,Med,2028
EDU-050,Education,28,62662,0.4729,0.0296,0.87,0.72,100,0.26,Med,2028
EDU-051,Education,68,205533,0.2188,0.045,0.98,0.57,100,0.46,Low,2026
EDU-052,Education,58,142714,0.2288,0.0327,0.69,0.85,100,0.32,High,2031
EDU-053,Education,44,103269,0.3521,0.0364,1.01,0.8,100,0.23,Med,2029
EDU-054,Education,42,113303,0.1313,0.0149,0.92,0.58,100,0.22,Low,2028
EDU-055,Education,51,163379,0.222,0.0363,0.72,0.93,100,0.36,High,2031
EDU-056,Education,74,212225,0.1066,0.0226,1.03,0.72,100,0.39,High,2032
EDU-057,Education,76,220783,0.1195,0.0264,1.19,0.68,100,0.54,High,2030
EDU-058,Education,51,130190,0.6743,0.0878,0.8,0.71,72,0.29,Low,2027
EDU-059,Education,44,109224,0.1118,0.0122,0.86,0.81,100,0.21,Med,2029
EDU-060,Education,47,96805,0.5468,0.0529,1.03,0.95,100,0.18,High,2032
EDU-061,Education,64,186801,0.3435,0.0642,0.75,0.29,100,0.5,Low,2028
EDU-062,Education,60,163519,0.1075,0.0176,1.05,0.93,100,0.3,High,2032
EDU-063,Education,49,93922,0.0677,0.0064,0.82,0.76,100,0.3,Med,2028
EDU-064,Education,67,192523,0.3799,0.0731,1.05,0.48,100,0.33,Med,2029
EDU-065,Education,43,83548,0.2846,0.0238,0.72,0.69,100,0.31,Med,2029
EDU-066,Education,38,100865,0.0412,0.0042,1.08,0.6,100,0.31,Low,2027
EDU-067,Education,39,103322,0.1299,0.0134,1.11,0.71,100,0.25,Low,2026
EDU-068,Education,32,64577,0.2168,0.014,0.9,0.68,100,0.07,Med,2028
EDU-069,Education,26,42205,0.2308,0.0097,1.15,0.71,100,0.05,Med,2028
EDU-070,Education,72,256327,0.2199,0.0564,1.02,0.59,100,0.64,Med,2030
EDU-071,Education,71,175736,0.1672,0.0294,1.08,0.52,100,0.44,Med,2029
EDU-072,Education,31,71394,0.7491,0.0535,0.73,0.81,73,0.11,Med,2027
EDU-073,Education,68,214885,0.7073,0.152,0.75,0.62,55,0.49,Med,2028
EDU-074,Education,28,69338,0.237,0.0164,1.14,0.93,100,0.2,Med,2030
EDU-075,Education,53,106071,0.2338,0.0248,0.96,0.79,100,0.27,Med,2027
EDU-076,Education,81,262148,0.1519,0.0398,1.07,0.45,100,0.69,Med,2028
EDU-077,Education,53,150488,0.0803,0.0121,0.98,0.67,100,0.35,Med,2029
EDU-078,Education,44,102722,0.1827,0.0188,0.78,0.9,100,0.28,High,2030
EDU-079,Education,60,118564,0.2181,0.0259,1.19,1.0,100,0.21,High,2030
EDU-080,Education,35,61722,0.2505,0.0155,1.14,0.5,100,0.19,Low,2029
MFG-001,Manufacturing,33,63860,0.033,0.0021,0.91,1.0,100,0.06,High,2031
MFG-002,Manufacturing,47,106339,0.1508,0.016,1.11,0.65,100,0.33,Med,2027
MFG-003,Manufacturing,47,93268,0.0583,0.0054,0.99,0.81,100,0.23,Med,2029
MFG-004,Manufacturing,42,82174,0.0733,0.006,0.83,0.64,100,0.36,Med,2029
MFG-005,Manufacturing,25,40121,0.2889,0.0116,0.86,0.82,100,0.01,Med,2029
MFG-006,Manufacturing,34,64124,0.2775,0.0178,0.7,0.59,100,0.17,Med,2029
MFG-007,Manufacturing,50,107296,0.049,0.0053,0.81,0.63,100,0.3,Low,2027
MFG-008,Manufacturing,60,147054,0.0749,0.011,0.69,0.63,100,0.52,Low,2026
MFG-009,Manufacturing,41,98991,0.6577,0.0651,1.17,0.89,59,0.23,High,2031
MFG-010,Manufacturing,23,29352,0.0812,0.0024,0.84,0.81,100,0.25,Med,2028
MFG-011,Manufacturing,39,74091,0.0982,0.0073,0.97,0.7,100,0.24,Low,2026
MFG-012,Manufacturing,54,145050,0.1102,0.016,1.02,0.7,100,0.5,Med,2027
MFG-013,Manufacturing,39,77280,0.0898,0.0069,1.36,0.79,100,0.23,Med,2028
MFG-014,Manufacturing,26,41594,0.2515,0.0105,1.08,0.67,100,0.01,Med,2030
MFG-015,Manufacturing,50,105039,0.1826,0.0192,1.23,0.9,100,0.13,High,2030
MFG-016,Manufacturing,70,174391,0.2143,0.0374,0.73,0.83,100,0.42,High,2030
MFG-017,Manufacturing,44,60276,0.0681,0.0041,0.77,0.83,100,0.29,Med,2030
MFG-018,Manufacturing,25,30108,0.3192,0.0096,0.88,0.62,100,0.13,Low,2027
MFG-019,Manufacturing,34,69299,0.0385,0.0027,1.03,0.82,100,0.12,Med,2029
MFG-020,Manufacturing,53,102458,0.0372,0.0038,1.13,0.55,100,0.36,Low,2028
MFG-021,Manufacturing,59,88631,0.0856,0.0076,1.18,0.78,100,0.35,High,2032
MFG-022,Manufacturing,57,95573,0.2829,0.027,1.04,0.57,100,0.39,Low,2027
MFG-023,Manufacturing,61,159955,0.0603,0.0096,0.89,0.47,100,0.59,Low,2026
MFG-024,Manufacturing,40,90906,0.0307,0.0028,1.17,0.59,100,0.41,Low,2029
MFG-025,Manufacturing,39,87618,0.074,0.0065,1.35,0.67,100,0.28,Low,2026
MFG-026,Manufacturing,50,102367,0.0852,0.0087,1.05,0.48,100,0.43,Low,2028
MFG-027,Manufacturing,34,59975,0.2359,0.0141,0.95,0.61,100,0.31,Low,2028
MFG-028,Manufacturing,51,127349,0.0326,0.0042,1.13,0.5,100,0.48,Low,2026
MFG-029,Manufacturing,32,63136,0.1138,0.0072,1.04,0.65,100,0.09,Low,2026
MFG-030,Manufacturing,42,73446,0.033,0.0024,0.76,0.79,100,0.23,Med,2028
MFG-031,Manufacturing,37,53756,0.2641,0.0142,1.01,0.5,100,0.48,Low,2027
MFG-032,Manufacturing,35,68352,0.1105,0.0076,1.27,0.71,100,0.22,Low,2028
MFG-033,Manufacturing,56,132106,0.0629,0.0083,1.17,0.62,100,0.4,Med,2028
MFG-034,Manufacturing,34,63119,0.0439,0.0028,1.05,0.89,100,0.2,High,2030
MFG-035,Manufacturing,28,53640,0.2167,0.0116,0.8,0.89,100,0.12,High,2031
MFG-036,Manufacturing,27,50116,0.0442,0.0022,0.97,0.6,100,0.14,Low,2028
MFG-037,Manufacturing,54,94796,0.0383,0.0036,1.26,0.37,100,0.28,Low,2027
MFG-038,Manufacturing,40,63078,0.0897,0.0057,0.95,0.89,100,0.31,Med,2028
MFG-039,Manufacturing,35,65171,0.4403,0.0287,0.69,1.0,100,0.11,High,2031
MFG-040,Manufacturing,57,121135,0.1609,0.0195,0.73,0.65,100,0.39,Med,2029
MFG-041,Manufacturing,28,39401,0.0721,0.0028,0.97,0.95,100,0.17,High,2029
MFG-042,Manufacturing,42,70458,0.0306,0.0022,1.12,0.79,100,0.18,Low,2028
MFG-043,Manufacturing,45,92732,0.0915,0.0085,1.11,0.7,100,0.31,Low,2027
MFG-044,Manufacturing,25,38546,0.045,0.0017,1.2,0.92,100,0.18,Med,2027
MFG-045,Manufacturing,23,36318,0.0727,0.0026,1.03,0.96,100,0.21,Med,2027
MFG-046,Manufacturing,27,47620,0.0655,0.0031,1.11,0.56,100,0.27,Low,2027
MFG-047,Manufacturing,31,72118,0.118,0.0085,0.99,0.92,100,0.1,Med,2029
MFG-048,Manufacturing,29,60688,0.2982,0.0181,0.69,1.0,100,0.28,High,2033
MFG-049,Manufacturing,48,100567,0.319,0.0321,1.04,1.0,100,0.18,High,2031
MFG-050,Manufacturing,62,156237,0.1181,0.0185,0.81,0.64,100,0.44,Med,2030
MFG-051,Manufacturing,35,67583,0.249,0.0168,0.86,0.75,100,0.25,Med,2029
MFG-052,Manufacturing,50,115464,0.0935,0.0108,1.08,0.62,100,0.39,Low,2026
MFG-053,Manufacturing,43,72036,0.0457,0.0033,0.99,0.67,100,0.23,Med,2029
MFG-054,Manufacturing,43,92558,0.1166,0.0108,0.9,0.59,100,0.45,Low,2029
MFG-055,Manufacturing,32,56814,0.0904,0.0051,0.88,1.0,100,0.12,High,2030
MFG-056,Manufacturing,56,96112,0.3457,0.0332,0.89,0.45,100,0.42,Low,2026
MFG-057,Manufacturing,49,102177,0.1671,0.0171,1.16,0.83,100,0.35,High,2030
MFG-058,Manufacturing,28,36157,0.037,0.0013,0.95,1.0,100,0.24,High,2033
MFG-059,Manufacturing,64,116722,0.3618,0.0422,1.0,0.63,100,0.33,Med,2029
MFG-060,Manufacturing,54,129129,0.3438,0.0444,0.95,0.64,100,0.44,Low,2029
MFG-061,Manufacturing,44,68202,0.274,0.0187,0.94,0.92,100,0.14,High,2030
MFG-062,Manufacturing,34,57903,0.2152,0.0125,0.58,0.83,100,0.17,High,2031
MFG-063,Manufacturing,31,45686,0.3033,0.0139,1.25,0.64,100,0.13,Low,2027
MFG-064,Manufacturing,40,78419,0.3477,0.0273,0.85,0.96,100,0.13,High,2031
MFG-065,Manufacturing,34,63288,0.6121,0.0387,1.04,0.61,100,0.22,Low,2028
MFG-066,Manufacturing,57,96511,0.7169,0.0692,1.16,0.57,96,0.48,Med,2028
MFG-067,Manufacturing,33,47727,0.1074,0.0051,0.81,0.85,100,0.19,Med,2027
MFG-068,Manufacturing,42,80534,0.0662,0.0053,1.08,0.52,100,0.32,Low,2026
MFG-069,Manufacturing,31,61689,0.0542,0.0033,0.78,0.79,100,0.33,Med,2029
MFG-070,Manufacturing,34,67368,0.1617,0.0109,0.92,0.76,100,0.14,Med,2030
MFG-071,Manufacturing,43,106908,0.1071,0.0114,1.0,0.56,100,0.38,Low,2026
MFG-072,Manufacturing,47,94290,0.139,0.0131,0.8,0.74,100,0.23,Med,2028
MFG-073,Manufacturing,57,116514,0.1315,0.0153,1.03,0.55,100,0.46,Low,2028
MFG-074,Manufacturing,39,70532,0.2699,0.019,1.07,0.7,100,0.22,Low,2028
MFG-075,Manufacturing,46,80217,0.3027,0.0243,0.7,0.59,100,0.39,Low,2029
MFG-076,Manufacturing,58,122788,0.2353,0.0289,0.91,0.56,100,0.36,Med,2028
MFG-077,Manufacturing,23,32224,0.0717,0.0023,0.99,0.87,100,0.16,Med,2029
MFG-078,Manufacturing,24,38541,0.0888,0.0034,0.96,0.62,100,0.19,Low,2027
MFG-079,Manufacturing,29,61049,0.3,0.0183,1.11,0.81,100,0.15,Med,2029
MFG-080,Manufacturing,47,111570,0.0621,0.0069,1.01,0.55,100,0.37,Med,2027
RET-001,Retail,60,129578,0.0349,0.0045,1.23,0.62,100,0.54,Med,2029
RET-002,Retail,55,77077,0.2873,0.0221,1.0,0.96,100,0.18,High,2032
RET-003,Retail,26,45611,0.5301,0.0242,0.77,0.65,100,0.09,Low,2027
RET-004,Retail,44,107785,0.0943,0.0102,0.65,0.71,100,0.35,Med,2029
RET-005,Retail,27,42547,0.1379,0.0059,0.85,0.73,100,0.27,Med,2027
RET-006,Retail,39,46371,0.0375,0.0017,0.93,0.55,100,0.14,Low,2027
RET-007,Retail,28,51591,0.1264,0.0065,1.08,1.0,100,0.19,High,2032
RET-008,Retail,30,46984,0.0902,0.0042,0.76,0.73,100,0.16,Med,2028
RET-009,Retail,34,70174,0.0625,0.0044,0.97,0.9,100,0.25,High,2030
RET-010,Retail,44,80154,0.0804,0.0064,1.29,0.33,100,0.38,Low,2026
RET-011,Retail,30,60711,0.0743,0.0045,0.96,0.71,100,0.26,Med,2028
RET-012,Retail,20,16861,0.0391,0.0007,1.19,0.53,100,0.19,Low,2026
RET-013,Retail,73,162307,0.0747,0.0121,1.04,0.13,100,0.65,Low,2026
RET-014,Retail,21,25556,0.0497,0.0013,0.97,0.84,100,0.19,Med,2029
RET-015,Retail,31,63065,0.201,0.0127,1.16,0.69,100,0.19,Low,2028
RET-016,Retail,25,41349,0.1612,0.0067,1.49,0.89,100,0.14,Med,2027
RET-017,Retail,33,60071,0.073,0.0044,0.94,0.85,100,0.21,Low,2028
RET-018,Retail,23,34414,0.101,0.0035,0.95,1.0,100,0.01,High,2032
RET-019,Retail,34,58510,0.0648,0.0038,1.17,0.9,100,0.1,High,2030
RET-020,Retail,68,145608,0.0814,0.0119,0.85,0.44,100,0.52,Med,2027
RET-021,Retail,20,31092,0.0762,0.0024,1.05,1.0,100,0.13,High,2030
RET-022,Retail,37,77849,0.1853,0.0144,0.84,0.51,100,0.32,Low,2028
RET-023,Retail,57,109661,0.6586,0.0722,0.93,0.67,97,0.43,High,2030
RET-024,Retail,41,52694,0.2412,0.0127,0.95,0.58,100,0.29,Med,2028
RET-025,Retail,62,146386,0.0791,0.0116,0.93,0.33,100,0.75,Low,2027
RET-026,Retail,36,83438,0.0452,0.0038,1.35,0.58,100,0.32,Low,2027
RET-027,Retail,74,160275,0.0459,0.0074,0.79,0.16,100,0.74,Low,2026
RET-028,Retail,57,106475,0.041,0.0044,1.11,0.7,100,0.49,Med,2028
RET-029,Retail,37,75155,0.1667,0.0125,1.24,0.68,100,0.44,Low,2027
RET-030,Retail,26,35649,0.1093,0.0039,1.15,0.84,100,0.27,Low,2027
RET-031,Retail,41,68396,0.0811,0.0055,1.18,0.88,100,0.29,High,2030
RET-032,Retail,41,94831,0.0306,0.0029,1.12,0.73,100,0.22,Med,2028
RET-033,Retail,43,94841,0.0744,0.0071,1.02,0.45,100,0.44,Low,2026
RET-034,Retail,30,53426,0.1554,0.0083,1.17,0.69,100,0.16,Low,2029
RET-035,Retail,35,53468,0.0834,0.0045,1.21,0.97,100,0.23,High,2030
RET-036,Retail,43,90640,0.4984,0.0452,0.91,0.77,100,0.44,Med,2028
RET-037,Retail,46,87525,0.1113,0.0097,0.85,0.91,100,0.26,High,2031
RET-038,Retail,30,49143,0.2146,0.0105,0.96,0.41,100,0.42,Low,2026
RET-039,Retail,39,65782,0.0582,0.0038,1.04,0.64,100,0.23,Low,2026
RET-040,Retail,29,45974,0.1042,0.0048,0.56,0.61,100,0.36,Med,2029
RET-041,Retail,48,111930,0.0726,0.0081,1.21,0.6,100,0.56,Med,2029
RET-042,Retail,48,83579,0.0373,0.0031,1.17,0.46,100,0.42,Low,2028
RET-043,Retail,39,63267,0.0418,0.0026,0.68,0.42,100,0.34,Low,2028
RET-044,Retail,26,37011,0.059,0.0022,0.9,0.68,100,0.15,Low,2026
RET-045,Retail,33,62589,0.1154,0.0072,1.24,0.56,100,0.17,Low,2027
RET-046,Retail,35,60747,0.094,0.0057,0.95,0.59,100,0.49,Low,2028
RET-047,Retail,50,85889,0.2839,0.0244,0.82,0.72,100,0.46,High,2030
RET-048,Retail,23,26407,0.0969,0.0026,1.07,0.79,100,0.15,Low,2026
RET-049,Retail,48,123673,0.0824,0.0102,0.92,0.49,100,0.52,Low,2027
RET-050,Retail,20,23895,0.2916,0.007,0.83,0.7,100,0.14,Low,2029
RET-051,Retail,56,108627,0.0321,0.0035,1.06,0.52,100,0.57,Med,2027
RET-052,Retail,42,96088,0.1888,0.0181,0.8,0.56,100,0.44,Low,2027
RET-053,Retail,25,36289,0.2118,0.0077,1.18,0.81,100,0.12,Med,2028
RET-054,Retail,54,109484,0.2761,0.0302,0.84,0.47,100,0.49,Low,2028
RET-055,Retail,30,44861,0.3322,0.0149,1.1,0.73,100,0.23,Low,2027
RET-056,Retail,62,126217,0.2604,0.0329,0.86,0.43,100,0.52,Low,2026
RET-057,Retail,53,98404,0.0306,0.003,1.09,0.6,100,0.4,Med,2029
RET-058,Retail,55,104484,0.5759,0.0602,0.74,0.79,100,0.27,High,2029
RET-059,Retail,47,63199,0.3003,0.019,1.09,0.46,100,0.34,Low,2026
RET-060,Retail,46,88927,0.0369,0.0033,1.14,0.71,100,0.37,Med,2029
RET-061,Retail,27,44701,0.0924,0.0041,1.03,0.53,100,0.18,Low,2028
RET-062,Retail,24,37957,0.0892,0.0034,0.88,0.63,100,0.31,Low,2028
RET-063,Retail,48,97219,0.1043,0.0101,0.98,0.47,100,0.33,Low,2026
RET-064,Retail,32,33120,0.0335,0.0011,1.14,0.75,100,0.07,Med,2028
RET-065,Retail,26,46059,0.0724,0.0033,1.26,0.66,100,0.19,Low,2028
RET-066,Retail,44,92119,0.3456,0.0318,0.77,0.3,100,0.36,Low,2026
RET-067,Retail,35,43234,0.0658,0.0028,0.77,0.58,100,0.41,Med,2029
RET-068,Retail,44,87305,0.0515,0.0045,1.03,0.56,100,0.39,Low,2028
RET-069,Retail,42,76287,0.0977,0.0075,0.89,0.64,100,0.29,Med,2027
RET-070,Retail,32,58043,0.7996,0.0464,0.77,0.69,76,0.34,Low,2029
RET-071,Retail,41,84170,0.4858,0.0409,0.79,0.84,100,0.31,Med,2030
RET-072,Retail,27,41722,0.0429,0.0018,0.8,0.86,100,0.21,Low,2027
RET-073,Retail,31,68191,0.1022,0.007,0.92,0.56,100,0.25,Low,2029
RET-074,Retail,28,43559,0.4886,0.0213,0.62,0.89,100,0.16,Med,2027
RET-075,Retail,28,50348,0.3185,0.016,0.7,0.77,100,0.18,Low,2028
RET-076,Retail,34,48683,0.2923,0.0142,0.67,1.0,100,0.19,High,2031
RET-077,Retail,25,43680,0.053,0.0023,1.02,0.63,100,0.32,Low,2027
RET-078,Retail,33,55828,0.0489,0.0027,0.98,0.86,100,0.11,High,2032
RET-079,Retail,34,56782,0.0701,0.004,0.88,0.61,100,0.32,Low,2027
RET-080,Retail,64,154927,0.2055,0.0318,0.71,0.31,100,0.77,Low,2026
LOG-001,Logistics,37,50298,0.0375,0.0019,1.25,0.52,100,0.21,Low,2028
LOG-002,Logistics,34,42202,0.3387,0.0143,1.03,0.69,100,0.36,Low,2027
LOG-003,Logistics,60,146316,0.5927,0.0867,0.6,0.43,100,0.45,Low,2028
LOG-004,Logistics,37,54567,0.0375,0.002,1.03,0.72,100,0.29,Med,2028
LOG-005,Logistics,45,87391,0.1021,0.0089,1.16,0.46,100,0.31,Low,2026
LOG-006,Logistics,62,119294,0.0984,0.0117,1.02,0.66,100,0.25,Low,2027
LOG-007,Logistics,30,42713,0.0356,0.0015,1.37,0.89,100,0.11,Med,2029
LOG-008,Logistics,31,33162,0.1816,0.006,0.73,0.81,100,0.01,Med,2027
LOG-009,Logistics,82,164819,0.0701,0.0116,1.04,0.65,100,0.51,Med,2029
LOG-010,Logistics,63,123604,0.0458,0.0057,0.9,0.53,100,0.57,Low,2027
LOG-011,Logistics,27,42632,0.0997,0.0043,0.8,0.9,100,0.11,High,2031
LOG-012,Logistics,36,55734,0.0309,0.0017,1.21,0.79,100,0.12,Med,2029
LOG-013,Logistics,30,38726,0.3339,0.0129,0.75,0.66,100,0.19,Med,2030
LOG-014,Logistics,29,41227,0.5805,0.0239,0.82,0.73,100,0.25,Low,2029
LOG-015,Logistics,34,39777,0.1198,0.0048,1.14,0.54,100,0.3,Low,2028
LOG-016,Logistics,59,98450,0.3431,0.0338,1.29,0.54,100,0.39,Low,2028
LOG-017,Logistics,56,123592,0.0857,0.0106,0.84,0.67,100,0.35,Low,2028
LOG-018,Logistics,49,94326,0.0598,0.0056,1.0,1.0,100,0.25,High,2031
LOG-019,Logistics,58,97725,0.0642,0.0063,1.13,0.7,100,0.19,Med,2028
LOG-020,Logistics,44,73375,0.0406,0.003,1.39,0.72,100,0.28,Med,2028
LOG-021,Logistics,31,38896,0.6118,0.0238,0.96,0.58,100,0.2,Low,2028
LOG-022,Logistics,60,158960,0.1209,0.0192,1.03,0.62,100,0.45,Med,2028
LOG-023,Logistics,46,94205,0.3607,0.034,1.12,0.76,100,0.39,Med,2030
LOG-024,Logistics,35,65197,0.3287,0.0214,1.1,0.71,100,0.29,Med,2027
LOG-025,Logistics,79,148258,0.4463,0.0662,1.04,0.49,100,0.43,Med,2027
LOG-026,Logistics,52,73493,0.1582,0.0116,1.1,0.71,100,0.32,Med,2030
LOG-027,Logistics,78,100356,0.066,0.0066,0.98,0.33,100,0.38,Med,2029
LOG-028,Logistics,30,45224,0.047,0.0021,0.89,0.71,100,0.26,Low,2027
LOG-029,Logistics,67,133879,0.1171,0.0157,1.0,0.68,100,0.44,High,2031
LOG-030,Logistics,35,46090,0.1435,0.0066,0.83,0.62,100,0.13,Low,2028
LOG-031,Logistics,52,92714,0.7028,0.0652,0.9,0.71,100,0.24,Med,2029
LOG-032,Logistics,31,54269,0.1334,0.0072,0.91,0.74,100,0.16,Low,2026
LOG-033,Logistics,69,109095,0.1033,0.0113,1.25,0.8,100,0.37,High,2032
LOG-034,Logistics,58,114818,0.2158,0.0248,0.83,0.58,100,0.4,Low,2026
LOG-035,Logistics,88,207471,0.5217,0.1082,0.72,0.68,100,0.48,Med,2029
LOG-036,Logistics,40,50044,0.077,0.0039,1.11,0.69,100,0.14,Med,2029
LOG-037,Logistics,57,90313,0.0734,0.0066,1.15,0.66,100,0.21,Med,2029
LOG-038,Logistics,48,76355,0.0344,0.0026,1.26,0.83,100,0.27,High,2030
LOG-039,Logistics,37,64466,0.1191,0.0077,0.84,0.77,100,0.28,Low,2027
LOG-040,Logistics,100,238404,0.0672,0.016,0.83,0.4,100,0.54,Low,2028
LOG-041,Logistics,36,56314,0.2131,0.012,0.97,0.68,100,0.24,Low,2028
LOG-042,Logistics,37,60162,0.1012,0.0061,0.84,0.71,100,0.19,Low,2027
LOG-043,Logistics,50,106158,0.3223,0.0342,0.74,0.75,100,0.33,High,2030
LOG-044,Logistics,55,99605,0.0514,0.0051,0.84,0.65,100,0.39,Med,2028
LOG-045,Logistics,29,39765,0.1892,0.0075,1.1,0.79,100,0.22,Low,2028
LOG-046,Logistics,35,73508,0.1987,0.0146,0.93,0.71,100,0.25,Low,2028
LOG-047,Logistics,44,75766,0.1539,0.0117,1.09,0.71,100,0.25,Low,2028
LOG-048,Logistics,46,75804,0.0517,0.0039,0.9,0.69,100,0.14,Low,2026
LOG-049,Logistics,55,124396,0.1879,0.0234,1.13,0.5,100,0.47,Low,2029
LOG-050,Logistics,49,85626,0.2044,0.0175,1.03,0.51,100,0.24,Low,2028
LOG-051,Logistics,71,200004,0.2772,0.0554,0.95,0.74,100,0.46,Med,2029
LOG-052,Logistics,44,75441,0.2286,0.0172,0.83,0.99,100,0.08,High,2031
LOG-053,Logistics,54,73787,0.3102,0.0229,0.9,0.72,100,0.29,Med,2030
LOG-054,Logistics,25,32972,0.2569,0.0085,1.03,0.71,100,0.17,Med,2029
LOG-055,Logistics,40,55842,0.0409,0.0023,1.13,0.75,100,0.04,Med,2029
LOG-056,Logistics,76,123005,0.2592,0.0319,0.91,0.39,100,0.48,Low,2028
LOG-057,Logistics,60,133551,0.4274,0.0571,1.05,0.95,100,0.24,High,2031
LOG-058,Logistics,61,86556,0.0479,0.0041,1.26,0.43,100,0.3,Low,2027
LOG-059,Logistics,42,65113,0.1179,0.0077,1.19,0.61,100,0.28,Low,2027
LOG-060,Logistics,44,88170,0.0968,0.0085,1.11,0.71,100,0.39,Med,2029
LOG-061,Logistics,41,49384,0.731,0.0361,0.88,0.7,100,0.18,Med,2027
LOG-062,Logistics,27,43803,0.0652,0.0029,1.19,0.81,100,0.07,Med,2028
LOG-063,Logistics,34,48800,0.244,0.0119,1.09,1.0,100,0.06,High,2030
LOG-064,Logistics,42,48734,0.1073,0.0052,1.04,0.58,100,0.29,Med,2029
LOG-065,Logistics,76,151256,0.1138,0.0172,1.1,0.4,100,0.51,Low,2026
LOG-066,Logistics,64,109288,0.0773,0.0084,1.19,0.84,100,0.25,High,2031
LOG-067,Logistics,51,78844,0.3487,0.0275,0.9,0.58,100,0.38,Low,2028
LOG-068,Logistics,55,138914,0.2208,0.0307,1.23,0.66,100,0.46,Med,2028
LOG-069,Logistics,51,84313,0.2013,0.017,0.97,0.65,100,0.17,Med,2030
LOG-070,Logistics,26,34718,0.0537,0.0019,1.07,0.72,100,0.24,Med,2029
LOG-071,Logistics,41,64238,0.0364,0.0023,0.97,0.67,100,0.31,Med,2029
LOG-072,Logistics,71,148919,0.1267,0.0189,0.85,0.72,100,0.38,Med,2027
LOG-073,Logistics,59,121588,0.0585,0.0071,1.09,0.61,100,0.35,Med,2030
LOG-074,Logistics,37,67272,0.721,0.0485,0.89,0.89,91,0.14,Med,2029
LOG-075,Logistics,64,127805,0.2674,0.0342,0.87,0.54,100,0.38,Low,2028
LOG-076,Logistics,85,199151,0.2209,0.044,0.9,0.62,100,0.72,Med,2028
LOG-077,Logistics,46,81840,0.1167,0.0096,1.06,0.6,100,0.36,Med,2028
LOG-078,Logistics,37,50491,0.0761,0.0038,1.09,0.96,100,0.11,High,2032
LOG-079,Logistics,61,96206,0.0564,0.0054,1.04,0.68,100,0.31,Med,2030
LOG-080,Logistics,46,84746,0.0391,0.0033,0.91,0.72,100,0.24,Med,2029
ENR-001,Energy,117,296462,0.1648,0.0489,1.0,0.54,100,0.48,Low,2027
ENR-002,Energy,58,120507,0.1112,0.0134,1.16,0.72,100,0.34,Low,2027
ENR-003,Energy,126,297295,0.567,0.1686,1.05,0.72,92,0.36,High,2032
ENR-004,Energy,98,272528,0.7862,0.2143,0.89,0.52,64,0.56,Low,2028
ENR-005,Energy,97,208915,0.7064,0.1476,0.85,0.53,88,0.54,Med,2027
ENR-006,Energy,98,218342,0.1703,0.0372,0.83,0.77,100,0.39,High,2031
ENR-007,Energy,56,104415,0.3606,0.0377,0.82,0.95,100,0.24,High,2031
ENR-008,Energy,67,166789,0.7458,0.1244,1.0,0.98,50,0.35,High,2031
ENR-009,Energy,113,276685,0.0764,0.0211,0.85,0.47,100,0.58,Low,2026
ENR-010,Energy,62,120786,0.2926,0.0353,1.01,0.67,100,0.23,Low,2027
ENR-011,Energy,63,133562,0.5794,0.0774,0.64,0.89,97,0.08,High,2030
ENR-012,Energy,98,205486,0.5835,0.1199,0.69,0.72,100,0.27,Med,2027
ENR-013,Energy,105,256365,0.2031,0.0521,0.72,0.89,100,0.49,High,2030
ENR-014,Energy,98,218525,0.1636,0.0358,1.0,0.87,100,0.47,High,2029
ENR-015,Energy,83,194807,0.5289,0.103,0.9,0.71,100,0.41,Med,2029
ENR-016,Energy,103,236434,0.1752,0.0414,1.01,0.73,100,0.39,Med,2029
ENR-017,Energy,59,104198,0.7506,0.0782,0.96,0.82,92,0.3,Med,2030
ENR-018,Energy,64,172104,0.7983,0.1374,0.7,0.81,52,0.37,Low,2027
ENR-019,Energy,93,181533,0.1274,0.0231,1.07,0.87,100,0.24,High,2030
ENR-020,Energy,104,195550,0.4514,0.0883,0.74,0.64,100,0.43,Med,2029
ENR-021,Energy,92,189683,0.1972,0.0374,0.96,0.86,100,0.53,High,2032
ENR-022,Energy,74,160049,0.6464,0.1035,0.61,0.41,98,0.51,Low,2026
ENR-023,Energy,125,270583,0.5657,0.1531,0.91,0.73,95,0.55,High,2031
ENR-024,Energy,69,168673,0.4683,0.079,0.88,0.96,100,0.13,High,2031
ENR-025,Energy,114,251534,0.2105,0.0529,0.98,0.79,100,0.37,High,2032
ENR-026,Energy,104,229894,0.2267,0.0521,0.82,0.89,100,0.34,High,2029
ENR-027,Energy,50,85530,0.2617,0.0224,0.87,1.0,100,0.22,High,2032
ENR-028,Energy,95,187405,0.0408,0.0076,0.94,0.67,100,0.45,Med,2029
ENR-029,Energy,106,233760,0.7977,0.1865,0.96,0.61,77,0.52,Low,2026
ENR-030,Energy,64,139272,0.28,0.039,0.74,0.9,100,0.38,High,2030
ENR-031,Energy,60,115378,0.1383,0.016,0.99,0.94,100,0.33,Med,2029
ENR-032,Energy,79,157137,0.4797,0.0754,1.02,0.54,100,0.27,Low,2028
ENR-033,Energy,67,145393,0.1938,0.0282,0.87,0.72,100,0.32,Med,2028
ENR-034,Energy,84,170220,0.5281,0.0899,0.56,0.72,100,0.43,Med,2028
ENR-035,Energy,99,227589,0.1638,0.0373,0.86,0.71,100,0.39,Med,2029
ENR-036,Energy,70,105103,0.3057,0.0321,0.67,0.68,100,0.17,Low,2028
ENR-037,Energy,106,216621,0.036,0.0078,0.84,0.76,100,0.29,High,2032
ENR-038,Energy,87,195861,0.4769,0.0934,0.79,0.52,100,0.45,Med,2029
ENR-039,Energy,155,336335,0.2004,0.0674,1.04,0.41,100,0.69,Med,2028
ENR-040,Energy,83,170435,0.4379,0.0746,0.87,0.71,100,0.38,Med,2027
ENR-041,Energy,96,189079,0.7478,0.1414,0.79,0.76,85,0.48,Med,2030
ENR-042,Energy,169,239990,0.5745,0.1379,1.0,0.52,100,0.27,High,2031
ENR-043,Energy,141,393741,0.3062,0.1206,1.02,0.66,100,0.72,High,2029
ENR-044,Energy,49,93565,0.347,0.0325,0.76,1.0,100,0.16,High,2031
ENR-045,Energy,71,123518,0.0775,0.0096,0.97,1.0,100,0.02,High,2033
ENR-046,Energy,84,182405,0.2927,0.0534,0.67,0.78,100,0.33,Med,2028
ENR-047,Energy,102,198718,0.3767,0.0749,0.8,0.9,100,0.29,High,2032
ENR-048,Energy,95,184329,0.2212,0.0408,0.84,0.74,100,0.37,High,2031
ENR-049,Energy,158,422237,0.4464,0.1885,0.97,0.2,100,0.86,Low,2027
ENR-050,Energy,58,86998,0.751,0.0653,0.87,0.51,100,0.26,Low,2029
ENR-051,Energy,92,224388,0.2327,0.0522,0.81,0.92,100,0.29,High,2029
ENR-052,Energy,42,63899,0.7515,0.048,0.93,0.91,100,0.08,High,2031
ENR-053,Energy,40,70196,0.1504,0.0106,0.98,1.0,100,0.01,High,2032
ENR-054,Energy,67,115448,0.7442,0.0859,0.36,0.5,93,0.25,Low,2028
ENR-055,Energy,69,144667,0.5067,0.0733,0.6,0.94,100,0.13,High,2031
ENR-056,Energy,109,205128,0.7812,0.1602,1.04,0.55,94,0.25,Low,2027
ENR-057,Energy,55,73787,0.6196,0.0457,0.75,0.84,100,0.11,Med,2028
ENR-058,Energy,65,130451,0.3187,0.0416,0.78,0.86,100,0.14,High,2029
ENR-059,Energy,94,155400,0.5466,0.0849,0.9,0.96,100,0.22,High,2031
ENR-060,Energy,69,89566,0.272,0.0244,1.12,0.9,100,0.27,Med,2029
ENR-061,Energy,55,113532,0.3477,0.0395,1.13,1.0,100,0.05,High,2032
ENR-062,Energy,113,178319,0.3815,0.068,0.68,0.41,100,0.35,Med,2028
ENR-063,Energy,92,170767,0.7493,0.128,0.87,0.8,91,0.39,Med,2029
ENR-064,Energy,56,119273,0.2335,0.0279,1.12,0.85,100,0.01,Med,2029
ENR-065,Energy,74,137530,0.5386,0.0741,0.72,0.82,100,0.22,High,2029
ENR-066,Energy,44,73491,0.4605,0.0338,0.74,1.0,100,0.05,High,2031
ENR-067,Energy,65,119452,0.231,0.0276,0.61,0.6,100,0.24,Low,2026
ENR-068,Energy,69,94855,0.3604,0.0342,0.92,1.0,100,0.08,High,2031
ENR-069,Energy,108,273045,0.2295,0.0627,0.96,0.71,100,0.4,Med,2027
ENR-070,Energy,104,201196,0.0984,0.0198,1.14,0.73,100,0.35,High,2029
ENR-071,Energy,99,288793,0.3232,0.0933,0.94,0.6,100,0.39,Low,2028
ENR-072,Energy,78,150243,0.1354,0.0203,0.86,0.99,100,0.26,High,2030
ENR-073,Energy,43,90201,0.3951,0.0356,0.73,1.0,100,0.12,High,2032
ENR-074,Energy,65,132302,0.1944,0.0257,0.97,1.0,100,0.12,High,2033
ENR-075,Energy,68,140485,0.287,0.0403,0.86,0.82,100,0.15,High,2029
ENR-076,Energy,80,168346,0.4,0.0673,0.72,0.72,100,0.28,High,2032
ENR-077,Energy,75,179082,0.7613,0.1363,0.81,0.8,56,0.37,Med,2028
ENR-078,Energy,49,91347,0.5379,0.0491,0.9,0.94,100,0.13,High,2031
ENR-079,Energy,42,74354,0.3207,0.0238,0.85,1.0,100,0.09,High,2033
ENR-080,Energy,72,168204,0.5712,0.0961,0.74,1.0,87,0.18,High,2032
REL-001,Real Estate,71,104908,0.3829,0.0402,0.87,0.85,100,0.19,High,2031
REL-002,Real Estate,48,69234,0.6782,0.047,0.67,0.97,100,0.08,Med,2028
REL-003,Real Estate,53,76919,0.3467,0.0267,0.76,0.74,100,0.24,Med,2028
REL-004,Real Estate,136,237192,0.3235,0.0767,1.01,0.55,100,0.55,Med,2029
REL-005,Real Estate,101,197199,0.2309,0.0455,0.88,0.32,100,0.51,Low,2028
REL-006,Real Estate,92,139735,0.2637,0.0368,0.99,0.74,100,0.3,High,2029
REL-007,Real Estate,66,98023,0.3822,0.0375,0.67,0.71,100,0.25,Med,2029
REL-008,Real Estate,129,204465,0.0769,0.0157,0.91,0.53,100,0.43,Med,2027
REL-009,Real Estate,105,133936,0.0933,0.0125,1.23,0.75,100,0.42,High,2031
REL-010,Real Estate,57,97058,0.6229,0.0605,0.93,0.54,100,0.32,Low,2028
REL-011,Real Estate,67,127040,0.1261,0.016,0.95,0.85,100,0.24,High,2030
REL-012,Real Estate,75,125609,0.2483,0.0312,0.86,0.98,100,0.35,High,2032
REL-013,Real Estate,59,92933,0.2235,0.0208,1.01,0.79,100,0.3,Med,2029
REL-014,Real Estate,56,71151,0.1461,0.0104,0.79,0.64,100,0.24,Med,2028
REL-015,Real Estate,107,188247,0.0725,0.0136,0.91,0.31,100,0.72,Low,2026
REL-016,Real Estate,100,173904,0.4334,0.0754,1.13,0.63,100,0.51,Med,2027
REL-017,Real Estate,44,68082,0.1128,0.0077,0.89,0.73,100,0.07,Low,2029
REL-018,Real Estate,101,148565,0.113,0.0168,1.13,0.79,100,0.43,High,2030
REL-019,Real Estate,41,60113,0.2178,0.0131,0.93,0.75,100,0.23,Med,2029
REL-020,Real Estate,55,86336,0.1413,0.0122,1.24,0.49,100,0.24,Low,2026
REL-021,Real Estate,34,47518,0.1683,0.008,0.83,0.81,100,0.11,Low,2028
REL-022,Real Estate,78,108507,0.126,0.0137,1.13,0.48,100,0.43,Low,2027
REL-023,Real Estate,115,199808,0.2341,0.0468,0.88,0.75,100,0.49,Med,2028
REL-024,Real Estate,65,133126,0.0514,0.0068,1.09,0.73,100,0.48,Med,2028
REL-025,Real Estate,66,95197,0.2659,0.0253,1.0,0.77,100,0.18,Med,2030
REL-026,Real Estate,119,203161,0.1869,0.038,1.4,0.79,100,0.34,High,2030
REL-027,Real Estate,92,143324,0.642,0.092,0.93,0.66,100,0.28,Med,2027
REL-028,Real Estate,75,93193,0.5362,0.05,0.87,0.6,100,0.27,Low,2026
REL-029,Real Estate,97,132737,0.0361,0.0048,1.16,0.6,100,0.31,Low,2027
REL-030,Real Estate,91,156122,0.4337,0.0677,0.84,0.44,100,0.48,Low,2026
REL-031,Real Estate,65,98277,0.0526,0.0052,1.01,0.68,100,0.39,Med,2028
REL-032,Real Estate,120,203020,0.0789,0.016,1.03,0.56,100,0.47,Med,2029
REL-033,Real Estate,71,116707,0.2181,0.0255,0.96,0.55,100,0.47,Low,2028
REL-034,Real Estate,64,102941,0.2005,0.0206,0.62,0.47,100,0.41,Low,2028
REL-035,Real Estate,63,100679,0.1959,0.0197,0.77,0.96,100,0.14,Med,2030
REL-036,Real Estate,59,113827,0.2928,0.0333,0.87,0.52,100,0.33,Med,2028
REL-037,Real Estate,48,64452,0.1045,0.0067,1.07,0.64,100,0.32,Low,2028
REL-038,Real Estate,56,58742,0.4095,0.0241,0.97,1.0,100,0.07,High,2032
REL-039,Real Estate,55,104444,0.3089,0.0323,0.89,0.56,100,0.3,Med,2028
REL-040,Real Estate,81,120059,0.1716,0.0206,1.12,0.52,100,0.22,Low,2026
REL-041,Real Estate,40,41159,0.3516,0.0145,1.16,0.79,100,0.04,Med,2028
REL-042,Real Estate,39,54352,0.1083,0.0059,1.13,0.96,100,0.01,High,2030
REL-043,Real Estate,59,93188,0.3299,0.0307,0.8,0.77,100,0.17,Med,2028
REL-044,Real Estate,94,159656,0.1562,0.0249,1.01,0.81,100,0.25,Med,2028
REL-045,Real Estate,95,144733,0.2186,0.0316,1.02,0.46,100,0.52,Low,2026
REL-046,Real Estate,49,73538,0.2694,0.0198,1.01,0.59,100,0.22,Low,2027
REL-047,Real Estate,48,82785,0.344,0.0285,0.97,0.97,100,0.22,High,2030
REL-048,Real Estate,59,97992,0.1047,0.0103,0.96,0.54,100,0.51,Low,2029
REL-049,Real Estate,87,141115,0.1196,0.0169,1.04,0.84,100,0.42,High,2029
REL-050,Real Estate,84,117787,0.5252,0.0619,0.83,0.67,100,0.43,Med,2027
REL-051,Real Estate,37,39077,0.3643,0.0142,0.8,0.97,100,0.1,Med,2030
REL-052,Real Estate,60,95868,0.6651,0.0638,0.92,0.94,100,0.23,High,2031
REL-053,Real Estate,44,70300,0.2298,0.0162,1.13,0.42,100,0.25,Low,2027
REL-054,Real Estate,131,160519,0.1936,0.0311,1.18,0.27,100,0.62,Low,2026
REL-055,Real Estate,91,188347,0.2968,0.0559,0.78,0.54,100,0.51,Low,2027
REL-056,Real Estate,80,148412,0.2852,0.0423,0.83,0.97,100,0.24,High,2031
REL-057,Real Estate,72,127713,0.5211,0.0666,0.96,0.64,100,0.34,Med,2028
REL-058,Real Estate,57,83841,0.1643,0.0138,0.98,0.97,100,0.15,Med,2029
REL-059,Real Estate,46,38711,0.5754,0.0223,0.71,0.75,100,0.22,Med,2029
REL-060,Real Estate,77,100188,0.3309,0.0332,0.94,0.66,100,0.32,Low,2028
REL-061,Real Estate,53,81231,0.1092,0.0089,1.13,0.96,100,0.02,High,2032
REL-062,Real Estate,58,74567,0.1108,0.0083,1.07,0.89,100,0.08,High,2032
REL-063,Real Estate,53,95282,0.2476,0.0236,1.05,0.63,100,0.37,Low,2027
REL-064,Real Estate,65,82090,0.2957,0.0243,1.17,0.62,100,0.23,Med,2029
REL-065,Real Estate,108,137800,0.2021,0.0278,0.95,0.71,100,0.49,High,2030
REL-066,Real Estate,117,210978,0.1102,0.0232,1.07,0.59,100,0.65,Med,2027
REL-067,Real Estate,42,56010,0.3063,0.0172,0.93,1.0,100,0.1,High,2033
REL-068,Real Estate,69,88486,0.3439,0.0304,1.09,1.0,100,0.22,High,2032
REL-069,Real Estate,58,85798,0.1452,0.0125,1.14,0.52,100,0.37,Low,2026
REL-070,Real Estate,56,67360,0.03,0.002,1.01,0.99,100,0.11,High,2031
REL-071,Real Estate,86,126121,0.7948,0.1002,0.61,0.74,100,0.39,High,2030
REL-072,Real Estate,82,159119,0.1646,0.0262,0.86,0.73,100,0.43,Med,2028
REL-073,Real Estate,59,110839,0.0974,0.0108,1.1,1.0,100,0.2,High,2031
REL-074,Real Estate,51,74066,0.2794,0.0207,0.76,1.0,100,0.2,High,2033
REL-075,Real Estate,105,110661,0.6832,0.0756,0.88,0.45,100,0.37,Low,2026
REL-076,Real Estate,33,50997,0.1417,0.0072,0.9,0.9,100,0.28,High,2031
REL-077,Real Estate,104,170161,0.3483,0.0593,0.85,0.73,100,0.54,High,2031
REL-078,Real Estate,71,135464,0.1317,0.0178,0.9,0.73,100,0.33,Med,2027
REL-079,Real Estate,106,169232,0.2789,0.0472,1.09,0.79,100,0.35,High,2031
REL-080,Real Estate,41,65368,0.3115,0.0204,0.76,1.0,100,0.06,High,2032
INS-001,Insurance,108,193175,0.7384,0.1426,1.09,1.0,78,0.41,High,2033
INS-002,Insurance,88,179950,0.1052,0.0189,1.13,0.56,100,0.46,Med,2028
INS-003,Insurance,55,89091,0.1196,0.0107,1.19,0.76,100,0.19,Med,2028
INS-004,Insurance,100,215618,0.1089,0.0235,0.92,0.72,100,0.55,Med,2030
INS-005,Insurance,67,135751,0.1109,0.0151,1.0,0.97,100,0.28,High,2031
INS-006,Insurance,63,116302,0.6951,0.0808,0.58,0.93,82,0.3,High,2029
INS-007,Insurance,85,132682,0.5036,0.0668,0.67,0.74,100,0.27,Med,2027
INS-008,Insurance,95,257277,0.1252,0.0322,1.13,0.76,100,0.24,Med,2030
INS-009,Insurance,100,231832,0.6918,0.1604,0.79,0.57,76,0.36,Low,2029
INS-010,Insurance,62,123279,0.192,0.0237,0.91,0.77,100,0.3,Low,2027
INS-011,Insurance,107,257257,0.2656,0.0683,0.94,1.0,100,0.44,High,2032
INS-012,Insurance,80,178666,0.0705,0.0126,1.11,0.8,100,0.32,High,2031
INS-013,Insurance,63,122884,0.1065,0.0131,1.14,0.71,100,0.24,Med,2028
INS-014,Insurance,90,191716,0.0705,0.0135,1.13,0.68,100,0.36,Med,2030
INS-015,Insurance,98,241777,0.0931,0.0225,0.9,0.66,100,0.32,Med,2028
INS-016,Insurance,45,70671,0.0565,0.004,1.11,0.62,100,0.16,Med,2028
INS-017,Insurance,56,119324,0.2269,0.0271,1.02,0.63,100,0.33,Low,2027
INS-018,Insurance,81,189562,0.2238,0.0424,1.08,0.89,100,0.19,High,2030
INS-019,Insurance,61,118554,0.2594,0.0308,0.75,0.93,100,0.31,High,2029
INS-020,Insurance,89,167456,0.1005,0.0168,0.98,0.71,100,0.26,Med,2028
INS-021,Insurance,104,243425,0.6462,0.1573,1.04,0.54,88,0.5,Med,2028
INS-022,Insurance,58,116040,0.2427,0.0282,0.8,0.83,100,0.38,Med,2029
INS-023,Insurance,86,194251,0.0954,0.0185,0.7,1.0,100,0.21,High,2032
INS-024,Insurance,84,180131,0.3923,0.0707,0.8,0.52,100,0.43,Low,2027
INS-025,Insurance,71,157761,0.2807,0.0443,0.92,0.95,100,0.33,High,2032
INS-026,Insurance,91,205701,0.3094,0.0636,0.94,0.51,100,0.46,Med,2027
INS-027,Insurance,78,156204,0.7203,0.1125,0.99,0.82,94,0.25,Med,2029
INS-028,Insurance,75,170298,0.6113,0.1041,0.81,0.77,87,0.24,Med,2030
INS-029,Insurance,87,169074,0.0484,0.0082,1.24,0.67,100,0.32,Med,2028
INS-030,Insurance,82,144825,0.1457,0.0211,0.87,0.6,100,0.29,Low,2026
INS-031,Insurance,113,190062,0.1262,0.024,0.93,0.53,100,0.31,Low,2028
INS-032,Insurance,62,160774,0.5881,0.0946,0.6,0.91,74,0.33,Med,2029
INS-033,Insurance,47,95887,0.2456,0.0235,1.12,1.0,100,0.01,High,2033
INS-034,Insurance,53,102701,0.1003,0.0103,0.78,1.0,100,0.08,High,2031
INS-035,Insurance,52,108735,0.2822,0.0307,0.91,0.96,100,0.13,Med,2029
INS-036,Insurance,88,189265,0.091,0.0172,1.18,0.96,100,0.29,High,2029
INS-037,Insurance,68,123664,0.0535,0.0066,1.08,0.65,100,0.2,Med,2028
INS-038,Insurance,47,68900,0.1004,0.0069,0.91,0.9,100,0.17,High,2032
INS-039,Insurance,58,132763,0.5934,0.0788,0.66,0.75,100,0.26,Med,2028
INS-040,Insurance,112,256999,0.205,0.0527,0.84,0.54,100,0.38,Med,2030
INS-041,Insurance,49,82118,0.7508,0.0617,0.76,0.97,90,0.1,High,2031
INS-042,Insurance,42,70070,0.29,0.0203,0.57,1.0,100,0.04,High,2031
INS-043,Insurance,71,163786,0.3449,0.0565,0.83,0.73,100,0.41,Med,2027
INS-044,Insurance,38,81236,0.3187,0.0259,1.05,0.93,100,0.03,Med,2029
INS-045,Insurance,56,84108,0.5774,0.0486,0.93,0.94,100,0.01,Low,2029
INS-046,Insurance,86,197561,0.312,0.0616,1.13,1.0,100,0.28,High,2031
INS-047,Insurance,86,149429,0.204,0.0305,0.87,0.45,100,0.5,Low,2028
INS-048,Insurance,56,96588,0.2679,0.0259,0.86,0.89,100,0.2,Med,2029
INS-049,Insurance,109,270227,0.1928,0.0521,1.05,0.44,100,0.56,Low,2027
INS-050,Insurance,72,161272,0.2635,0.0425,0.93,0.8,100,0.33,Med,2029
INS-051,Insurance,67,135772,0.2024,0.0275,1.07,0.49,100,0.25,Low,2026
INS-052,Insurance,37,61367,0.0765,0.0047,1.14,0.77,100,0.14,Med,2028
INS-053,Insurance,84,129917,0.2892,0.0376,1.01,0.96,100,0.27,High,2030
INS-054,Insurance,71,114759,0.7447,0.0855,0.86,1.0,100,0.05,High,2032
INS-055,Insurance,86,173665,0.3184,0.0553,1.03,0.69,100,0.41,Med,2029
INS-056,Insurance,86,171786,0.6327,0.1087,0.67,0.69,100,0.35,High,2031
INS-057,Insurance,122,285486,0.2328,0.0665,0.89,0.57,100,0.64,Med,2030
INS-058,Insurance,82,181270,0.1017,0.0184,1.15,0.64,100,0.4,Med,2030
INS-059,Insurance,84,213072,0.291,0.062,0.66,0.74,100,0.42,Med,2028
INS-060,Insurance,111,314978,0.1021,0.0322,0.96,0.24,100,0.53,Low,2026
INS-061,Insurance,64,136741,0.2181,0.0298,1.09,1.0,100,0.21,High,2031
INS-062,Insurance,61,122490,0.2435,0.0298,1.01,0.62,100,0.24,Med,2029
INS-063,Insurance,61,119513,0.165,0.0197,0.94,1.0,100,0.13,High,2033
INS-064,Insurance,107,205307,0.7653,0.1571,1.01,0.42,100,0.55,Low,2026
INS-065,Insurance,88,201398,0.2425,0.0488,0.81,0.72,100,0.43,Low,2028
INS-066,Insurance,133,282268,0.6378,0.18,0.77,0.42,88,0.61,Med,2029
INS-067,Insurance,96,175248,0.3075,0.0539,0.95,0.78,100,0.37,High,2031
INS-068,Insurance,42,76573,0.1578,0.0121,0.78,0.67,100,0.21,Low,2028
INS-069,Insurance,63,130171,0.3031,0.0395,1.06,0.61,100,0.45,Low,2027
INS-070,Insurance,114,242083,0.2266,0.0549,0.96,0.95,100,0.49,High,2029
INS-071,Insurance,96,187144,0.2029,0.038,0.87,0.5,100,0.44,Low,2029
INS-072,Insurance,85,142579,0.2691,0.0384,0.99,0.98,100,0.01,High,2029
INS-073,Insurance,79,159316,0.1151,0.0183,0.93,0.53,100,0.39,Low,2027
INS-074,Insurance,51,96599,0.6885,0.0665,0.59,1.0,96,0.1,High,2032
INS-075,Insurance,42,63188,0.0658,0.0042,1.06,1.0,100,0.06,High,2031
INS-076,Insurance,87,162457,0.0793,0.0129,1.08,0.67,100,0.42,Med,2027
INS-077,Insurance,49,75018,0.3081,0.0231,1.13,0.83,100,0.12,Med,2029
INS-078,Insurance,61,105078,0.1723,0.0181,0.65,0.83,100,0.32,Med,2028
INS-079,Insurance,46,86755,0.3099,0.0269,0.77,0.96,100,0.29,High,2031
INS-080,Insurance,56,121622,0.1087,0.0132,1.01,1.0,100,0.4,High,2032
CON-001,Consulting,152,329689,0.1637,0.054,0.85,0.69,100,0.46,Med,2028
CON-002,Consulting,85,149205,0.2,0.0298,1.12,0.65,100,0.16,Low,2026
CON-003,Consulting,124,323536,0.5949,0.1925,0.96,0.69,84,0.57,Med,2030
CON-004,Consulting,170,390090,0.0703,0.0274,0.67,0.43,100,0.58,Low,2026
CON-005,Consulting,70,131008,0.4639,0.0608,1.23,0.69,100,0.22,Med,2027
CON-006,Consulting,87,157253,0.3867,0.0608,0.84,0.74,100,0.11,Med,2029
CON-007,Consulting,127,283069,0.2477,0.0701,0.61,0.74,100,0.43,Med,2027
CON-008,Consulting,115,264308,0.5682,0.1502,0.89,0.59,100,0.4,Low,2027
CON-009,Consulting,100,176580,0.3022,0.0534,1.05,0.84,100,0.16,Med,2027
CON-010,Consulting,177,317650,0.1312,0.0417,1.2,0.53,100,0.53,Med,2028
CON-011,Consulting,157,255415,0.6508,0.1662,0.78,0.5,100,0.5,Low,2029
CON-012,Consulting,133,306322,0.6575,0.2014,0.81,0.44,96,0.54,Low,2028
CON-013,Consulting,103,157729,0.6414,0.1012,0.89,0.4,100,0.36,Low,2028
CON-014,Consulting,100,193983,0.3992,0.0774,0.95,0.55,100,0.39,Low,2028
CON-015,Consulting,104,264228,0.3156,0.0834,0.96,0.42,100,0.58,Low,2027
CON-016,Consulting,119,224914,0.2905,0.0653,1.09,0.49,100,0.37,Low,2026
CON-017,Consulting,114,200095,0.297,0.0594,0.9,0.42,100,0.31,Low,2028
CON-018,Consulting,176,348564,0.5546,0.1933,0.96,0.39,100,0.67,Med,2028
CON-019,Consulting,96,146776,0.4271,0.0627,1.07,0.5,100,0.47,Low,2027
CON-020,Consulting,104,215906,0.6471,0.1397,1.05,0.5,99,0.38,Low,2026
CON-021,Consulting,123,126471,0.3134,0.0396,0.94,0.63,100,0.18,Low,2028
CON-022,Consulting,97,164079,0.611,0.1003,0.71,0.61,100,0.24,Low,2029
CON-023,Consulting,102,207016,0.65,0.1346,0.97,1.0,89,0.22,High,2030
CON-024,Consulting,65,126405,0.3324,0.042,0.69,0.84,100,0.24,Med,2030
CON-025,Consulting,106,161274,0.103,0.0166,0.99,0.67,100,0.33,Low,2029
CON-026,Consulting,100,245189,0.1012,0.0248,0.81,1.0,100,0.17,Med,2031
CON-027,Consulting,120,167858,0.3917,0.0657,1.13,0.98,100,0.2,High,2031
CON-028,Consulting,92,140584,0.1716,0.0241,1.03,0.61,100,0.35,Low,2028
CON-029,Consulting,110,239106,0.7538,0.1802,0.94,0.64,88,0.42,Low,2026
CON-030,Consulting,90,192594,0.4672,0.09,0.84,0.72,100,0.37,Low,2029
CON-031,Consulting,148,305444,0.3134,0.0957,0.64,0.95,100,0.34,High,2031
CON-032,Consulting,95,200688,0.5901,0.1184,0.75,0.55,100,0.4,Low,2027
CON-033,Consulting,228,451769,0.7669,0.3465,0.92,0.25,100,0.67,Low,2028
CON-034,Consulting,230,455958,0.3113,0.1419,0.73,0.33,100,0.58,Low,2028
CON-035,Consulting,98,190973,0.1216,0.0232,1.16,0.95,100,0.19,High,2031
CON-036,Consulting,115,257112,0.1,0.0257,0.69,0.92,100,0.34,High,2030
CON-037,Consulting,133,216632,0.2516,0.0545,0.99,0.47,100,0.42,Low,2027
CON-038,Consulting,84,194744,0.0703,0.0137,1.36,0.58,100,0.34,Low,2029
CON-039,Consulting,188,311961,0.646,0.2015,1.0,0.41,100,0.67,Low,2028
CON-040,Consulting,181,365608,0.3966,0.145,0.74,0.44,100,0.45,Low,2028
CON-041,Consulting,126,232988,0.1247,0.0291,0.82,0.54,100,0.54,Low,2027
CON-042,Consulting,136,226064,0.2258,0.051,0.6,0.68,100,0.21,Med,2028
CON-043,Consulting,105,128464,0.762,0.0979,0.91,0.59,100,0.31,Low,2026
CON-044,Consulting,152,258194,0.4312,0.1113,1.16,0.47,100,0.42,Low,2027
CON-045,Consulting,120,137196,0.1215,0.0167,1.09,0.9,100,0.18,High,2029
CON-046,Consulting,132,313222,0.26,0.0814,0.94,0.71,100,0.48,Med,2027
CON-047,Consulting,107,242849,0.6057,0.1471,0.87,0.72,85,0.36,Low,2027
CON-048,Consulting,68,119337,0.627,0.0748,1.14,1.0,99,0.14,High,2033
CON-049,Consulting,72,133151,0.5933,0.079,0.82,0.98,100,0.01,Med,2028
CON-050,Consulting,78,144038,0.6015,0.0866,0.95,0.58,100,0.4,Low,2028
CON-051,Consulting,99,203654,0.1947,0.0397,1.1,0.93,100,0.26,Med,2029
CON-052,Consulting,65,72859,0.5498,0.0401,0.93,0.67,100,0.31,Low,2028
CON-053,Consulting,137,255069,0.2393,0.061,0.84,0.71,100,0.37,Med,2027
CON-054,Consulting,52,95684,0.5145,0.0492,0.9,0.64,100,0.15,Low,2028
CON-055,Consulting,163,348610,0.6372,0.2221,1.24,0.76,94,0.49,High,2031
CON-056,Consulting,106,221052,0.6552,0.1448,0.88,0.74,89,0.4,Low,2028
CON-057,Consulting,107,173312,0.6809,0.118,0.7,0.59,100,0.34,Low,2028
CON-058,Consulting,128,334531,0.543,0.1817,0.77,0.64,93,0.41,Low,2027
CON-059,Consulting,72,116753,0.2304,0.0269,0.9,0.97,100,0.15,High,2030
CON-060,Consulting,105,288380,0.5981,0.1725,0.92,0.57,68,0.44,Low,2028
CON-061,Consulting,136,259194,0.3456,0.0896,0.5,0.78,100,0.29,Med,2030
CON-062,Consulting,108,168040,0.031,0.0052,1.35,0.64,100,0.26,Med,2027
CON-063,Consulting,148,317954,0.3978,0.1265,0.92,0.65,100,0.35,Med,2027
CON-064,Consulting,116,209372,0.6517,0.1364,0.86,0.41,100,0.27,Low,2026
CON-065,Consulting,62,121196,0.2124,0.0257,0.85,0.73,100,0.08,Low,2029
CON-066,Consulting,111,222721,0.4071,0.0907,1.02,0.69,100,0.31,Med,2029
CON-067,Consulting,88,150151,0.0995,0.0149,0.85,0.82,100,0.21,Med,2027
CON-068,Consulting,120,204366,0.7814,0.1597,0.78,0.6,100,0.39,Low,2027
CON-069,Consulting,68,172087,0.3413,0.0587,0.78,0.59,100,0.25,Low,2029
CON-070,Consulting,130,251378,0.3458,0.0869,0.59,0.79,100,0.41,Med,2030
CON-071,Consulting,75,128758,0.3494,0.045,1.03,0.56,100,0.25,Low,2027
CON-072,Consulting,134,246218,0.2222,0.0547,0.7,0.53,100,0.44,Low,2028
CON-073,Consulting,69,133454,0.7213,0.0963,0.76,0.92,86,0.17,Med,2028
CON-074,Consulting,126,132015,0.1226,0.0162,0.81,0.96,100,0.04,High,2032
CON-075,Consulting,54,89732,0.501,0.045,0.74,0.93,100,0.08,High,2032
CON-076,Consulting,187,341380,0.5719,0.1952,0.96,0.77,100,0.41,Med,2030
CON-077,Consulting,97,184765,0.2591,0.0479,0.97,0.57,100,0.44,Low,2026
CON-078,Consulting,147,286844,0.3479,0.0998,0.82,0.48,100,0.46,Low,2026
CON-079,Consulting,124,276952,0.4386,0.1215,0.97,0.51,100,0.55,Low,2028
CON-080,Consulting,93,161306,0.1731,0.0279,0.96,0.55,100,0.3,Low,2028
GOV-001,Government,66,187033,0.2861,0.0535,0.87,0.72,100,0.41,Med,2028
GOV-002,Government,66,149188,0.0328,0.0049,1.29,0.78,100,0.39,High,2031
GOV-003,Government,63,132829,0.4144,0.055,0.53,0.54,100,0.34,Low,2027
GOV-004,Government,40,73748,0.1829,0.0135,0.72,0.46,100,0.39,Low,2026
GOV-005,Government,69,136603,0.2716,0.0371,1.01,0.88,100,0.25,High,2029
GOV-006,Government,55,129779,0.1521,0.0197,1.0,0.9,100,0.24,High,2030
GOV-007,Government,65,124852,0.1895,0.0237,1.02,0.59,100,0.18,Med,2028
GOV-008,Government,69,172792,0.5074,0.0877,0.83,0.78,99,0.39,Med,2029
GOV-009,Government,83,160835,0.0946,0.0152,0.69,0.2,100,0.52,Low,2026
GOV-010,Government,39,68889,0.178,0.0123,0.83,1.0,100,0.12,High,2032
GOV-011,Government,54,113887,0.2917,0.0332,0.89,0.66,100,0.16,Med,2027
GOV-012,Government,74,190480,0.3435,0.0654,0.95,1.0,100,0.34,High,2031
GOV-013,Government,36,79019,0.2941,0.0232,0.96,0.78,100,0.14,Med,2027
GOV-014,Government,34,58025,0.5642,0.0327,1.09,0.81,100,0.17,High,2029
GOV-015,Government,28,36021,0.2786,0.01,0.77,1.0,100,0.16,High,2031
GOV-016,Government,39,66806,0.1557,0.0104,0.91,1.0,100,0.12,High,2032
GOV-017,Government,63,158567,0.3145,0.0499,0.72,1.0,100,0.33,High,2032
GOV-018,Government,31,48815,0.7512,0.0367,0.76,0.94,94,0.11,High,2029
GOV-019,Government,32,58890,0.1083,0.0064,0.83,0.95,100,0.13,High,2030
GOV-020,Government,58,137710,0.259,0.0357,0.98,1.0,100,0.26,High,2033
GOV-021,Government,49,127895,0.3079,0.0394,0.94,0.87,100,0.25,High,2031
GOV-022,Government,76,141920,0.1912,0.0271,0.92,0.73,100,0.33,Med,2028
GOV-023,Government,58,79493,0.7132,0.0567,0.95,0.97,100,0.2,High,2030
GOV-024,Government,60,100141,0.1157,0.0116,1.02,0.9,100,0.27,High,2029
GOV-025,Government,58,150118,0.1039,0.0156,1.07,0.9,100,0.26,High,2030
GOV-026,Government,54,143194,0.0615,0.0088,1.05,0.96,100,0.32,High,2032
GOV-027,Government,56,146254,0.2803,0.041,1.02,0.68,100,0.29,Med,2028
GOV-028,Government,87,240459,0.6087,0.1464,0.84,0.6,72,0.5,High,2031
GOV-029,Government,63,143153,0.3182,0.0456,0.84,1.0,100,0.41,High,2032
GOV-030,Government,44,84454,0.2211,0.0187,0.98,0.68,100,0.22,Med,2027
GOV-031,Government,63,132435,0.2513,0.0333,0.94,0.96,100,0.2,High,2031
GOV-032,Government,62,159741,0.3111,0.0497,0.93,0.77,100,0.38,Med,2029
GOV-033,Government,77,190227,0.0705,0.0134,0.81,0.71,100,0.31,High,2031
GOV-034,Government,54,130812,0.2694,0.0352,0.53,0.78,100,0.22,Med,2028
GOV-035,Government,56,139062,0.3038,0.0422,0.79,1.0,100,0.23,High,2030
GOV-036,Government,73,128925,0.189,0.0244,0.87,0.91,100,0.13,High,2030
GOV-037,Government,37,65090,0.1802,0.0117,0.9,0.85,100,0.19,Med,2029
GOV-038,Government,99,266192,0.108,0.0287,0.82,0.56,100,0.45,Med,2029
GOV-039,Government,46,109254,0.1152,0.0126,0.84,0.99,100,0.12,High,2030
GOV-040,Government,68,211094,0.1191,0.0251,1.04,0.84,100,0.35,High,2031
GOV-041,Government,80,183558,0.1928,0.0354,0.98,0.78,100,0.24,High,2030
GOV-042,Government,68,152984,0.1458,0.0223,0.79,0.88,100,0.37,High,2031
GOV-043,Government,89,215757,0.2282,0.0492,0.96,0.6,100,0.45,Med,2029
GOV-044,Government,63,106020,0.2897,0.0307,0.89,0.6,100,0.32,Med,2029
GOV-045,Government,64,154402,0.1389,0.0214,1.08,0.99,100,0.18,High,2031
GOV-046,Government,63,166698,0.2128,0.0355,0.93,0.75,100,0.43,Med,2028
GOV-047,Government,37,57105,0.1,0.0057,0.78,0.98,100,0.19,High,2031
GOV-048,Government,114,251251,0.2404,0.0604,1.07,0.44,100,0.53,High,2029
GOV-049,Government,39,67065,0.58,0.0389,0.82,0.97,100,0.01,Med,2028
GOV-050,Government,49,117725,0.0592,0.007,0.96,0.62,100,0.22,Med,2028
GOV-051,Government,41,84382,0.0803,0.0068,0.83,1.0,100,0.15,High,2032
GOV-052,Government,32,67844,0.1033,0.007,1.07,0.91,100,0.14,Med,2028
GOV-053,Government,52,117905,0.054,0.0064,1.14,0.89,100,0.11,High,2031
GOV-054,Government,44,73806,0.1231,0.0091,0.9,0.58,100,0.2,Low,2027
GOV-055,Government,57,142248,0.1667,0.0237,0.9,0.9,100,0.27,High,2031
GOV-056,Government,72,154470,0.34,0.0525,0.92,0.79,100,0.24,High,2031
GOV-057,Government,57,92336,0.1831,0.0169,0.89,0.76,100,0.32,Low,2027
GOV-058,Government,37,78669,0.454,0.0357,0.79,1.0,100,0.16,High,2031
GOV-059,Government,41,94538,0.3406,0.0322,0.62,1.0,100,0.26,High,2031
GOV-060,Government,52,93363,0.3353,0.0313,0.66,0.87,100,0.32,High,2030
GOV-061,Government,63,160486,0.1382,0.0222,0.79,0.66,100,0.39,High,2030
GOV-062,Government,51,110504,0.298,0.0329,0.95,0.84,100,0.19,High,2031
GOV-063,Government,49,104198,0.1113,0.0116,1.11,0.85,100,0.2,High,2029
GOV-064,Government,58,139010,0.1013,0.0141,0.78,0.81,100,0.17,High,2031
GOV-065,Government,85,200292,0.3778,0.0757,1.04,0.73,100,0.34,High,2029
GOV-066,Government,77,147724,0.3225,0.0476,0.83,1.0,100,0.25,High,2030
GOV-067,Government,58,170563,0.1253,0.0214,0.77,0.91,100,0.2,High,2029
GOV-068,Government,52,103118,0.7147,0.0737,0.68,0.54,84,0.41,Med,2029
GOV-069,Government,67,154360,0.4929,0.0761,0.75,0.95,100,0.35,High,2030
GOV-070,Government,46,95314,0.0672,0.0064,1.04,0.99,100,0.17,High,2032
GOV-071,Government,61,149152,0.2953,0.044,0.95,0.81,100,0.26,High,2032
GOV-072,Government,64,147216,0.1966,0.0289,0.59,0.69,100,0.33,Low,2028
GOV-073,Government,63,139322,0.3063,0.0427,0.79,0.79,100,0.37,High,2031
GOV-074,Government,39,80090,0.1874,0.015,0.98,1.0,100,0.03,High,2031
GOV-075,Government,59,121861,0.0767,0.0093,0.96,1.0,100,0.23,High,2033
GOV-076,Government,54,127795,0.1644,0.021,1.11,0.98,100,0.21,High,2030
GOV-077,Government,55,144707,0.1432,0.0207,1.17,0.84,100,0.34,High,2030
GOV-078,Government,82,186205,0.0726,0.0135,0.82,0.7,100,0.48,Med,2028
GOV-079,Government,41,90626,0.3464,0.0314,0.7,0.5,100,0.21,Low,2028
GOV-080,Government,77,158166,0.1155,0.0183,0.95,0.85,100,0.36,High,2030
TEL-001,Telecom,82,149760,0.3394,0.0508,0.68,0.85,100,0.27,High,2029
TEL-002,Telecom,45,102289,0.3433,0.0351,0.63,0.77,100,0.26,Low,2027
TEL-003,Telecom,68,126872,0.4054,0.0514,1.07,0.63,100,0.17,Low,2028
TEL-004,Telecom,46,97087,0.2801,0.0272,1.03,0.62,100,0.25,Low,2028
TEL-005,Telecom,55,108348,0.3036,0.0329,0.62,0.67,100,0.29,Med,2029
TEL-006,Telecom,50,102725,0.2104,0.0216,0.9,0.99,100,0.12,High,2029
TEL-007,Telecom,80,185201,0.3642,0.0675,0.68,1.0,100,0.23,High,2031
TEL-008,Telecom,39,58202,0.2479,0.0144,0.94,0.59,100,0.22,Low,2029
TEL-009,Telecom,72,165091,0.3168,0.0523,0.56,0.52,100,0.24,Med,2029
TEL-010,Telecom,85,205381,0.3322,0.0682,0.79,0.82,100,0.52,High,2031
TEL-011,Telecom,52,104594,0.3563,0.0373,1.08,0.8,100,0.17,Med,2028
TEL-012,Telecom,48,99671,0.2813,0.028,1.13,0.75,100,0.16,Med,2028
TEL-013,Telecom,52,126871,0.168,0.0213,1.13,0.83,100,0.15,Med,2029
TEL-014,Telecom,48,75944,0.188,0.0143,0.72,0.65,100,0.29,Low,2027
TEL-015,Telecom,66,150277,0.0846,0.0127,0.91,0.52,100,0.2,Med,2030
TEL-016,Telecom,109,257784,0.3206,0.0826,0.79,0.92,100,0.47,High,2032
TEL-017,Telecom,149,312898,0.1992,0.0623,0.86,0.25,100,0.75,Low,2026
TEL-018,Telecom,70,168873,0.3068,0.0518,0.62,0.92,100,0.24,High,2030
TEL-019,Telecom,43,111205,0.2644,0.0294,0.82,0.94,100,0.17,Med,2030
TEL-020,Telecom,108,253428,0.7901,0.2002,0.75,0.91,60,0.48,High,2031
TEL-021,Telecom,54,116431,0.4893,0.057,0.95,0.69,100,0.19,Med,2028
TEL-022,Telecom,39,76606,0.184,0.0141,0.79,0.81,100,0.25,Med,2028
TEL-023,Telecom,84,154256,0.2702,0.0417,0.71,0.59,100,0.26,Low,2027
TEL-024,Telecom,80,161883,0.5112,0.0828,0.71,0.5,100,0.43,Low,2026
TEL-025,Telecom,73,142001,0.1575,0.0224,0.71,0.39,100,0.5,Low,2028
TEL-026,Telecom,58,104462,0.3366,0.0352,1.01,0.68,100,0.33,Med,2028
TEL-027,Telecom,51,91816,0.6117,0.0562,0.78,0.69,100,0.22,Med,2029
TEL-028,Telecom,70,164689,0.0985,0.0162,0.76,0.64,100,0.4,Low,2027
TEL-029,Telecom,74,112352,0.117,0.0131,1.25,0.47,100,0.39,Med,2028
TEL-030,Telecom,90,199876,0.2155,0.0431,0.96,0.53,100,0.45,Low,2026
TEL-031,Telecom,43,78708,0.1065,0.0084,0.79,0.5,100,0.25,Low,2027
TEL-032,Telecom,101,223522,0.0865,0.0193,1.01,0.6,100,0.38,Low,2027
TEL-033,Telecom,79,161413,0.3715,0.06,1.11,0.92,100,0.38,High,2031
TEL-034,Telecom,41,70001,0.3177,0.0222,1.32,0.94,100,0.12,High,2030
TEL-035,Telecom,74,151067,0.1992,0.0301,0.87,0.46,100,0.33,Low,2026
TEL-036,Telecom,102,197402,0.3,0.0592,1.1,0.55,100,0.53,Med,2027
TEL-037,Telecom,73,102728,0.2385,0.0245,0.83,0.79,100,0.19,Med,2028
TEL-038,Telecom,88,157727,0.2984,0.0471,0.77,0.93,100,0.14,High,2030
TEL-039,Telecom,67,136286,0.3384,0.0461,0.98,0.56,100,0.44,Low,2028
TEL-040,Telecom,54,107209,0.0314,0.0034,0.86,0.63,100,0.33,Med,2029
TEL-041,Telecom,65,86009,0.422,0.0363,0.94,0.69,100,0.27,Med,2029
TEL-042,Telecom,40,72128,0.0884,0.0064,1.05,0.7,100,0.22,Low,2026
TEL-043,Telecom,108,307960,0.2382,0.0734,1.03,0.68,100,0.48,High,2030
TEL-044,Telecom,60,109587,0.4956,0.0543,0.8,0.59,100,0.22,Low,2029
TEL-045,Telecom,40,69979,0.2854,0.02,0.77,0.82,100,0.18,Med,2028
TEL-046,Telecom,73,113015,0.1683,0.019,0.67,0.62,100,0.25,Low,2028
TEL-047,Telecom,42,82800,0.2966,0.0246,0.75,0.8,100,0.24,Med,2028
TEL-048,Telecom,71,160535,0.0947,0.0152,1.12,0.77,100,0.25,Med,2030
TEL-049,Telecom,68,138765,0.3687,0.0512,0.8,0.64,100,0.4,Med,2027
TEL-050,Telecom,76,150179,0.1044,0.0157,0.92,0.5,100,0.31,Med,2029
TEL-051,Telecom,51,126301,0.5789,0.0731,0.65,1.0,70,0.19,High,2032
TEL-052,Telecom,49,93987,0.6998,0.0658,0.67,1.0,78,0.31,High,2033
TEL-053,Telecom,73,140647,0.0718,0.0101,1.41,0.54,100,0.49,Low,2028
TEL-054,Telecom,52,99008,0.0758,0.0075,1.17,0.65,100,0.23,Low,2027
TEL-055,Telecom,76,156499,0.166,0.026,0.79,0.8,100,0.27,Low,2026
TEL-056,Telecom,41,70095,0.0718,0.005,0.99,0.88,100,0.11,High,2031
TEL-057,Telecom,36,56494,0.3425,0.0193,0.86,0.78,100,0.24,Med,2029
TEL-058,Telecom,56,124797,0.2949,0.0368,0.96,0.76,100,0.21,Med,2029
TEL-059,Telecom,47,85352,0.2851,0.0243,0.76,0.58,100,0.26,Low,2028
TEL-060,Telecom,102,236795,0.2327,0.0551,0.67,0.56,100,0.54,Med,2029
TEL-061,Telecom,44,76992,0.4631,0.0357,1.03,0.63,100,0.31,Low,2028
TEL-062,Telecom,67,126381,0.3126,0.0395,0.88,0.64,100,0.3,Low,2029
TEL-063,Telecom,53,114381,0.2561,0.0293,0.77,0.62,100,0.16,Med,2030
TEL-064,Telecom,73,83915,0.337,0.0283,1.02,0.64,100,0.43,Med,2030
TEL-065,Telecom,117,281611,0.6091,0.1715,0.97,0.39,98,0.54,Low,2027
TEL-066,Telecom,46,100301,0.3374,0.0338,0.97,0.66,100,0.3,Low,2028
TEL-067,Telecom,53,94910,0.5576,0.0529,0.92,0.55,100,0.43,Med,2028
TEL-068,Telecom,80,164485,0.0952,0.0157,1.17,0.69,100,0.34,Med,2028
TEL-069,Telecom,47,103212,0.5459,0.0563,1.03,0.75,100,0.24,Med,2029
TEL-070,Telecom,76,175341,0.2705,0.0474,0.89,0.51,100,0.48,Low,2027
TEL-071,Telecom,80,146473,0.1077,0.0158,0.74,0.37,100,0.35,Low,2027
TEL-072,Telecom,58,119484,0.2377,0.0284,0.91,0.93,100,0.23,High,2029
TEL-073,Telecom,52,124898,0.2726,0.034,1.15,0.91,100,0.22,High,2031
TEL-074,Telecom,59,121392,0.2798,0.034,0.76,0.92,100,0.09,Med,2030
TEL-075,Telecom,55,96130,0.2296,0.0221,0.94,0.58,100,0.21,Low,2028
TEL-076,Telecom,104,225111,0.0335,0.0075,1.23,0.68,100,0.41,High,2030
TEL-077,Telecom,121,307699,0.3213,0.0989,1.0,0.46,100,0.73,Med,2027
TEL-078,Telecom,42,82049,0.1063,0.0087,1.21,0.7,100,0.31,Low,2026
TEL-079,Telecom,41,80723,0.2097,0.0169,0.73,1.0,100,0.18,High,2031
TEL-080,Telecom,96,176160,0.733,0.1291,0.96,0.52,100,0.55,Low,2028
